l1_group_id,l1_artifact_id,l1_version,l1_release_date,l2_group_id,l2_artifact_id,l2_version,l2_release_date,c1_group_id,c1_artifact_id,c1_version,c1_release_date,c2_group_id,c2_artifact_id,c2_version,c2_release_date
junit,junit,3.8.1,2005-08-01T09:42:48Z[GMT],junit,junit,4.0,2006-02-16T08:34:50Z[GMT],org.codehaus.plexus,plexus-container-default,1.0-alpha-8,2005-10-12T00:38:30Z[GMT],org.codehaus.plexus,plexus-container-default,1.0-alpha-9,2005-12-07T23:35:14Z[GMT]
junit,junit,3.8.1,2005-08-01T09:42:48Z[GMT],junit,junit,4.0,2006-02-16T08:34:50Z[GMT],org.codehaus.plexus,plexus-container-default,1.0-alpha-9,2005-12-07T23:35:14Z[GMT],org.codehaus.plexus,plexus-container-default,1.0-alpha-9-stable-1,2007-03-11T01:49:21Z[GMT]
junit,junit,3.8.1,2005-08-01T09:42:48Z[GMT],junit,junit,4.1,2006-05-02T18:54:02Z[GMT],net.sourceforge.serp,serp,1.12.0,2006-11-08T17:55:48Z[GMT],net.sourceforge.serp,serp,1.13.1,2007-08-11T21:27:06Z[GMT]
junit,junit,3.8.1,2005-08-01T09:42:48Z[GMT],junit,junit,4.1,2006-05-02T18:54:02Z[GMT],org.codehaus.plexus,plexus-container-default,1.0-alpha-11,2006-11-26T13:29:16Z[GMT],org.codehaus.plexus,plexus-container-default,1.0-alpha-12,2006-11-27T01:27:39Z[GMT]
junit,junit,3.8.1,2005-08-01T09:42:48Z[GMT],junit,junit,4.1,2006-05-02T18:54:02Z[GMT],org.codehaus.plexus,plexus-container-default,1.0-alpha-7,2005-10-03T00:44:33Z[GMT],org.codehaus.plexus,plexus-container-default,1.0-alpha-8,2005-10-12T00:38:30Z[GMT]
junit,junit,3.8.1,2005-08-01T09:42:48Z[GMT],junit,junit,4.1,2006-05-02T18:54:02Z[GMT],org.apache.maven.shared,maven-verifier,1.0,2006-12-13T14:31:20Z[GMT],org.apache.maven.shared,maven-verifier,1.2,2009-09-14T23:08:20Z[GMT]
junit,junit,3.8.1,2005-08-01T09:42:48Z[GMT],junit,junit,4.1,2006-05-02T18:54:02Z[GMT],org.codehaus.plexus,plexus-container-default,1.0-alpha-8,2005-10-12T00:38:30Z[GMT],org.codehaus.plexus,plexus-container-default,1.0-alpha-9,2005-12-07T23:35:14Z[GMT]
junit,junit,3.8.1,2005-08-01T09:42:48Z[GMT],junit,junit,4.1,2006-05-02T18:54:02Z[GMT],org.apache.maven.surefire,surefire,1.5.2,2006-05-07T22:30:53Z[GMT],org.apache.maven.surefire,surefire,1.5.3,2006-05-07T22:30:53Z[GMT]
junit,junit,3.8.1,2005-08-01T09:42:48Z[GMT],junit,junit,4.1,2006-05-02T18:54:02Z[GMT],org.testng,testng,6.1.1,2011-07-05T22:22:46Z[GMT],org.testng,testng,6.2,2011-08-18T18:21Z[GMT]
junit,junit,3.8.1,2005-08-01T09:42:48Z[GMT],junit,junit,4.3,2007-03-20T15:13:18Z[GMT],org.codehaus.plexus,plexus-container-default,1.0-alpha-9,2005-12-07T23:35:14Z[GMT],org.codehaus.plexus,plexus-container-default,1.0-alpha-9-stable-1,2007-03-11T01:49:21Z[GMT]
junit,junit,3.8.1,2005-08-01T09:42:48Z[GMT],junit,junit,4.3,2007-03-20T15:13:18Z[GMT],org.codehaus.plexus,plexus-container-default,1.0-alpha-7,2005-10-03T00:44:33Z[GMT],org.codehaus.plexus,plexus-container-default,1.0-alpha-8,2005-10-12T00:38:30Z[GMT]
junit,junit,3.8.1,2005-08-01T09:42:48Z[GMT],junit,junit,4.3.1,2007-03-29T20:46:54Z[GMT],org.codehaus.plexus,plexus-container-default,1.0-alpha-9,2005-12-07T23:35:14Z[GMT],org.codehaus.plexus,plexus-container-default,1.0-alpha-9-stable-1,2007-03-11T01:49:21Z[GMT]
junit,junit,3.8.1,2005-08-01T09:42:48Z[GMT],junit,junit,4.3.1,2007-03-29T20:46:54Z[GMT],org.apache.maven.scm,maven-scm-api,1.0-beta-2,2006-05-07T22:30:56Z[GMT],org.apache.maven.scm,maven-scm-api,1.0-beta-3,2006-04-19T17:09:36Z[GMT]
junit,junit,3.8.1,2005-08-01T09:42:48Z[GMT],junit,junit,4.3.1,2007-03-29T20:46:54Z[GMT],com.thoughtworks.qdox,qdox,1.6.3,2007-06-15T10:24:58Z[GMT],com.thoughtworks.qdox,qdox,1.7,2008-12-23T04:05:22Z[GMT]
junit,junit,3.8.1,2005-08-01T09:42:48Z[GMT],junit,junit,4.3.1,2007-03-29T20:46:54Z[GMT],jline,jline,0.9.9,2006-07-22T11:01:14Z[GMT],jline,jline,0.9.91,2007-03-13T18:18:42Z[GMT]
junit,junit,3.8.1,2005-08-01T09:42:48Z[GMT],junit,junit,4.3.1,2007-03-29T20:46:54Z[GMT],org.picocontainer,picocontainer-tck,1.3-RC-1,2007-01-12T10:07:58Z[GMT],org.picocontainer,picocontainer-tck,1.3,2007-03-18T10:25:15Z[GMT]
junit,junit,3.8.1,2005-08-01T09:42:48Z[GMT],junit,junit,4.4,2007-07-19T14:13:36Z[GMT],org.jboss.microcontainer,jboss-kernel,2.0.0.Beta10,2008-01-24T19:51:18Z[GMT],org.jboss.microcontainer,jboss-kernel,2.0.0.Beta11,2008-03-21T17:37:20Z[GMT]
junit,junit,3.8.1,2005-08-01T09:42:48Z[GMT],junit,junit,4.4,2007-07-19T14:13:36Z[GMT],jline,jline,0.9.93,2007-11-13T22:16:44Z[GMT],jline,jline,0.9.94,2008-02-22T19:53:43Z[GMT]
junit,junit,3.8.1,2005-08-01T09:42:48Z[GMT],junit,junit,4.4,2007-07-19T14:13:36Z[GMT],org.springframework,spring-test,2.5.6.SEC01,2009-04-22T22:56:25Z[GMT],org.springframework,spring-test,2.5.6.SEC02,2010-06-18T23:03:45Z[GMT]
junit,junit,3.8.1,2005-08-01T09:42:48Z[GMT],junit,junit,4.4,2007-07-19T14:13:36Z[GMT],org.testng,testng,5.7,2010-07-17T13:36:11Z[GMT],org.testng,testng,5.8,2010-07-17T13:36:11Z[GMT]
junit,junit,3.8.1,2005-08-01T09:42:48Z[GMT],junit,junit,4.4,2007-07-19T14:13:36Z[GMT],jline,jline,0.9.9,2006-07-22T11:01:14Z[GMT],jline,jline,0.9.91,2007-03-13T18:18:42Z[GMT]
junit,junit,3.8.1,2005-08-01T09:42:48Z[GMT],junit,junit,4.4,2007-07-19T14:13:36Z[GMT],org.springframework,spring-test,2.5.5,2008-06-23T17:28:55Z[GMT],org.springframework,spring-test,2.5.6,2008-11-02T01:45:09Z[GMT]
junit,junit,3.8.1,2005-08-01T09:42:48Z[GMT],junit,junit,4.4,2007-07-19T14:13:36Z[GMT],org.codehaus.plexus,plexus-component-annotations,1.0-alpha-7,2007-11-11T07:09:12Z[GMT],org.codehaus.plexus,plexus-component-annotations,1.0-alpha-8,2007-11-15T05:33Z[GMT]
junit,junit,3.8.1,2005-08-01T09:42:48Z[GMT],junit,junit,4.4,2007-07-19T14:13:36Z[GMT],jmock,jmock,1.1.0,2006-08-30T16:21:01Z[GMT],jmock,jmock,1.2.0,2007-04-12T19:45:27Z[GMT]
junit,junit,3.8.1,2005-08-01T09:42:48Z[GMT],junit,junit,4.4,2007-07-19T14:13:36Z[GMT],org.codehaus.plexus,plexus-container-default,1.0-alpha-11,2006-11-26T13:29:16Z[GMT],org.codehaus.plexus,plexus-container-default,1.0-alpha-12,2006-11-27T01:27:39Z[GMT]
junit,junit,3.8.1,2005-08-01T09:42:48Z[GMT],junit,junit,4.4,2007-07-19T14:13:36Z[GMT],org.apache.activemq,activemq-optional,5.1.0,2008-05-06T11:57:38Z[GMT],org.apache.activemq,activemq-optional,5.2.0,2008-11-20T10:33:42Z[GMT]
junit,junit,3.8.1,2005-08-01T09:42:48Z[GMT],junit,junit,4.4,2007-07-19T14:13:36Z[GMT],org.codehaus.xfire,xfire-spring,1.2.4,2007-01-07T00:36:49Z[GMT],org.codehaus.xfire,xfire-spring,1.2.5,2007-03-14T04:13:43Z[GMT]
junit,junit,3.8.1,2005-08-01T09:42:48Z[GMT],junit,junit,4.4,2007-07-19T14:13:36Z[GMT],org.apache.servicemix,servicemix-core,3.3,2008-10-29T00:24:04Z[GMT],org.apache.servicemix,servicemix-core,3.3.1,2009-06-14T13:50:16Z[GMT]
junit,junit,3.8.1,2005-08-01T09:42:48Z[GMT],junit,junit,4.4,2007-07-19T14:13:36Z[GMT],org.codehaus.plexus,plexus-container-default,1.0-alpha-8,2005-10-12T00:38:30Z[GMT],org.codehaus.plexus,plexus-container-default,1.0-alpha-9,2005-12-07T23:35:14Z[GMT]
junit,junit,3.8.1,2005-08-01T09:42:48Z[GMT],junit,junit,4.4,2007-07-19T14:13:36Z[GMT],commons-jelly,commons-jelly,1.0-RC2,2005-10-15T06:08:24Z[GMT],commons-jelly,commons-jelly,1.0,2005-11-22T18:09:32Z[GMT]
junit,junit,3.8.1,2005-08-01T09:42:48Z[GMT],junit,junit,4.4,2007-07-19T14:13:36Z[GMT],net.sf.patterntesting,patterntesting,0.5.1,2008-04-27T20:17:14Z[GMT],net.sf.patterntesting,patterntesting,0.6.0,2008-10-05T20:26:09Z[GMT]
junit,junit,3.8.1,2005-08-01T09:42:48Z[GMT],junit,junit,4.4,2007-07-19T14:13:36Z[GMT],org.codehaus.plexus,plexus-container-default,1.0-alpha-9,2005-12-07T23:35:14Z[GMT],org.codehaus.plexus,plexus-container-default,1.0-alpha-9-stable-1,2007-03-11T01:49:21Z[GMT]
junit,junit,3.8.1,2005-08-01T09:42:48Z[GMT],junit,junit,4.4,2007-07-19T14:13:36Z[GMT],org.codehaus.plexus,plexus-container-default,1.0-alpha-7,2005-10-03T00:44:33Z[GMT],org.codehaus.plexus,plexus-container-default,1.0-alpha-8,2005-10-12T00:38:30Z[GMT]
junit,junit,3.8.1,2005-08-01T09:42:48Z[GMT],junit,junit,4.4,2007-07-19T14:13:36Z[GMT],org.springframework,spring-test,2.5.4,2008-04-28T17:52:56Z[GMT],org.springframework,spring-test,2.5.5,2008-06-23T17:28:55Z[GMT]
junit,junit,3.8.1,2005-08-01T09:42:48Z[GMT],junit,junit,4.4,2007-07-19T14:13:36Z[GMT],org.springframework,spring-mock,2.0.7,2007-10-02T01:55:19Z[GMT],org.springframework,spring-mock,2.0.8,2008-01-10T02:58:03Z[GMT]
junit,junit,3.8.1,2005-08-01T09:42:48Z[GMT],junit,junit,4.4,2007-07-19T14:13:36Z[GMT],org.codehaus.plexus,plexus-container-default,1.0-alpha-47,2008-05-28T23:37:14Z[GMT],org.codehaus.plexus,plexus-container-default,1.0-alpha-48,2008-06-12T19:26:32Z[GMT]
junit,junit,3.8.1,2005-08-01T09:42:48Z[GMT],junit,junit,4.4,2007-07-19T14:13:36Z[GMT],net.sourceforge.serp,serp,1.12.0,2006-11-08T17:55:48Z[GMT],net.sourceforge.serp,serp,1.13.1,2007-08-11T21:27:06Z[GMT]
junit,junit,3.8.1,2005-08-01T09:42:48Z[GMT],junit,junit,4.4,2007-07-19T14:13:36Z[GMT],net.sourceforge.openutils,openutils-testing-junit,1.1.3,2007-11-07T16:27:53Z[GMT],net.sourceforge.openutils,openutils-testing-junit,2.0,2008-01-27T11:24:22Z[GMT]
junit,junit,3.8.1,2005-08-01T09:42:48Z[GMT],junit,junit,4.5,2008-08-08T19:30:10Z[GMT],org.ow2.bonita,bonita-server,4.1.1,2009-05-15T14:43:53Z[GMT],org.ow2.bonita,bonita-server,5.0.M2,2009-09-14T18:23:08Z[GMT]
junit,junit,3.8.1,2005-08-01T09:42:48Z[GMT],junit,junit,4.5,2008-08-08T19:30:10Z[GMT],jline,jline,0.9.93,2007-11-13T22:16:44Z[GMT],jline,jline,0.9.94,2008-02-22T19:53:43Z[GMT]
junit,junit,3.8.1,2005-08-01T09:42:48Z[GMT],junit,junit,4.5,2008-08-08T19:30:10Z[GMT],org.springframework,spring-test,2.5.6,2008-11-02T01:45:09Z[GMT],org.springframework,spring-test,2.5.6.SEC01,2009-04-22T22:56:25Z[GMT]
junit,junit,3.8.1,2005-08-01T09:42:48Z[GMT],junit,junit,4.5,2008-08-08T19:30:10Z[GMT],org.ow2.bonita,bonita-template,4.1.1,2009-05-15T14:41:01Z[GMT],org.ow2.bonita,bonita-template,5.0.M2,2009-09-14T18:21:06Z[GMT]
junit,junit,3.8.1,2005-08-01T09:42:48Z[GMT],junit,junit,4.5,2008-08-08T19:30:10Z[GMT],org.codehaus.plexus,plexus-container-default,1.0-alpha-8,2005-10-12T00:38:30Z[GMT],org.codehaus.plexus,plexus-container-default,1.0-alpha-9,2005-12-07T23:35:14Z[GMT]
junit,junit,3.8.1,2005-08-01T09:42:48Z[GMT],junit,junit,4.5,2008-08-08T19:30:10Z[GMT],org.codehaus.plexus,plexus-component-annotations,1.0-alpha-16,2008-05-28T23:36:25Z[GMT],org.codehaus.plexus,plexus-component-annotations,1.0-alpha-17,2008-06-12T19:26:08Z[GMT]
junit,junit,3.8.1,2005-08-01T09:42:48Z[GMT],junit,junit,4.5,2008-08-08T19:30:10Z[GMT],org.codehaus.plexus,plexus-container-default,1.0-alpha-48,2008-06-12T19:26:32Z[GMT],org.codehaus.plexus,plexus-container-default,1.0-beta-1,2008-09-30T00:34:41Z[GMT]
junit,junit,3.8.1,2005-08-01T09:42:48Z[GMT],junit,junit,4.5,2008-08-08T19:30:10Z[GMT],org.codehaus.plexus,plexus-container-default,1.0-beta-3.0.5,2009-01-21T19:16:53Z[GMT],org.codehaus.plexus,plexus-container-default,1.0-beta-3.0.6,2009-02-10T23:51:44Z[GMT]
junit,junit,3.8.1,2005-08-01T09:42:48Z[GMT],junit,junit,4.5,2008-08-08T19:30:10Z[GMT],org.codehaus.plexus,plexus-container-default,1.5.4,2010-01-30T22:50:02Z[GMT],org.codehaus.plexus,plexus-container-default,1.5.5,2010-09-30T20:15:28Z[GMT]
junit,junit,3.8.1,2005-08-01T09:42:48Z[GMT],junit,junit,4.5,2008-08-08T19:30:10Z[GMT],org.codehaus.plexus,plexus-container-default,1.0-alpha-9,2005-12-07T23:35:14Z[GMT],org.codehaus.plexus,plexus-container-default,1.0-alpha-9-stable-1,2007-03-11T01:49:21Z[GMT]
junit,junit,3.8.1,2005-08-01T09:42:48Z[GMT],junit,junit,4.5,2008-08-08T19:30:10Z[GMT],org.apache.myfaces.test,myfaces-test12,1.0.0-beta-3,2010-04-21T18:51:04Z[GMT],org.apache.myfaces.test,myfaces-test12,1.0.0-beta-4,2010-07-18T22:31:01Z[GMT]
junit,junit,3.8.1,2005-08-01T09:42:48Z[GMT],junit,junit,4.5,2008-08-08T19:30:10Z[GMT],org.apache.myfaces.test,myfaces-test20,1.0.0-beta-3,2010-04-21T18:57:10Z[GMT],org.apache.myfaces.test,myfaces-test20,1.0.0-beta-4,2010-07-18T22:36:28Z[GMT]
junit,junit,3.8.1,2005-08-01T09:42:48Z[GMT],junit,junit,4.5,2008-08-08T19:30:10Z[GMT],org.testng,testng,5.9,2010-07-17T13:36:11Z[GMT],org.testng,testng,5.10,2010-07-17T13:36:11Z[GMT]
junit,junit,3.8.1,2005-08-01T09:42:48Z[GMT],junit,junit,4.5,2008-08-08T19:30:10Z[GMT],net.sourceforge.serp,serp,1.12.0,2006-11-08T17:55:48Z[GMT],net.sourceforge.serp,serp,1.13.1,2007-08-11T21:27:06Z[GMT]
junit,junit,3.8.1,2005-08-01T09:42:48Z[GMT],junit,junit,4.5,2008-08-08T19:30:10Z[GMT],org.codehaus.xfire,xfire-spring,1.2.4,2007-01-07T00:36:49Z[GMT],org.codehaus.xfire,xfire-spring,1.2.5,2007-03-14T04:13:43Z[GMT]
junit,junit,3.8.1,2005-08-01T09:42:48Z[GMT],junit,junit,4.5,2008-08-08T19:30:10Z[GMT],commons-httpclient,commons-httpclient,3.0rc3,2016-08-10T15:08:35Z[GMT],commons-httpclient,commons-httpclient,3.0,2005-12-20T05:34:26Z[GMT]
junit,junit,3.8.1,2005-08-01T09:42:48Z[GMT],junit,junit,4.5,2008-08-08T19:30:10Z[GMT],org.codehaus.plexus,plexus-container-default,1.0-alpha-7,2005-10-03T00:44:33Z[GMT],org.codehaus.plexus,plexus-container-default,1.0-alpha-8,2005-10-12T00:38:30Z[GMT]
junit,junit,3.8.1,2005-08-01T09:42:48Z[GMT],junit,junit,4.5,2008-08-08T19:30:10Z[GMT],org.apache.activemq,activemq-optional,5.4.1,2010-09-18T03:19:22Z[GMT],org.apache.activemq,activemq-optional,5.4.2,2010-11-26T10:24:26Z[GMT]
junit,junit,3.8.1,2005-08-01T09:42:48Z[GMT],junit,junit,4.5,2008-08-08T19:30:10Z[GMT],org.apache.activemq,activemq-optional,5.2.0,2008-11-20T10:33:42Z[GMT],org.apache.activemq,activemq-optional,5.3.0,2009-10-08T10:32:14Z[GMT]
junit,junit,3.8.1,2005-08-01T09:42:48Z[GMT],junit,junit,4.6,2009-05-09T19:38:32Z[GMT],commons-httpclient,commons-httpclient,3.0rc3,2016-08-10T15:08:35Z[GMT],commons-httpclient,commons-httpclient,3.0,2005-12-20T05:34:26Z[GMT]
junit,junit,3.8.1,2005-08-01T09:42:48Z[GMT],junit,junit,4.6,2009-05-09T19:38:32Z[GMT],org.codehaus.plexus,plexus-container-default,1.0-alpha-7,2005-10-03T00:44:33Z[GMT],org.codehaus.plexus,plexus-container-default,1.0-alpha-8,2005-10-12T00:38:30Z[GMT]
junit,junit,3.8.1,2005-08-01T09:42:48Z[GMT],junit,junit,4.6,2009-05-09T19:38:32Z[GMT],org.codehaus.plexus,plexus-container-default,1.0-alpha-8,2005-10-12T00:38:30Z[GMT],org.codehaus.plexus,plexus-container-default,1.0-alpha-9,2005-12-07T23:35:14Z[GMT]
junit,junit,3.8.1,2005-08-01T09:42:48Z[GMT],junit,junit,4.6,2009-05-09T19:38:32Z[GMT],org.codehaus.plexus,plexus-container-default,1.0-alpha-9,2005-12-07T23:35:14Z[GMT],org.codehaus.plexus,plexus-container-default,1.0-alpha-9-stable-1,2007-03-11T01:49:21Z[GMT]
junit,junit,3.8.1,2005-08-01T09:42:48Z[GMT],junit,junit,4.6,2009-05-09T19:38:32Z[GMT],org.codehaus.plexus,plexus-container-default,1.5.4,2010-01-30T22:50:02Z[GMT],org.codehaus.plexus,plexus-container-default,1.5.5,2010-09-30T20:15:28Z[GMT]
junit,junit,3.8.1,2005-08-01T09:42:48Z[GMT],junit,junit,4.6,2009-05-09T19:38:32Z[GMT],org.codehaus.plexus,plexus-container-default,1.0-alpha-11,2006-11-26T13:29:16Z[GMT],org.codehaus.plexus,plexus-container-default,1.0-alpha-12,2006-11-27T01:27:39Z[GMT]
junit,junit,3.8.1,2005-08-01T09:42:48Z[GMT],junit,junit,4.6,2009-05-09T19:38:32Z[GMT],org.springframework,spring-test,2.5.5,2008-06-23T17:28:55Z[GMT],org.springframework,spring-test,2.5.6,2008-11-02T01:45:09Z[GMT]
junit,junit,3.8.1,2005-08-01T09:42:48Z[GMT],junit,junit,4.6,2009-05-09T19:38:32Z[GMT],jline,jline,0.9.9,2006-07-22T11:01:14Z[GMT],jline,jline,0.9.91,2007-03-13T18:18:42Z[GMT]
junit,junit,3.8.1,2005-08-01T09:42:48Z[GMT],junit,junit,4.7,2009-08-12T15:54:07Z[GMT],org.apache.servicemix,apache-servicemix,3.1.2,2016-08-10T15:08:35Z[GMT],org.apache.servicemix,apache-servicemix,3.4.1,2016-08-10T15:08:35Z[GMT]
junit,junit,3.8.1,2005-08-01T09:42:48Z[GMT],junit,junit,4.7,2009-08-12T15:54:07Z[GMT],jline,jline,0.9.93,2007-11-13T22:16:44Z[GMT],jline,jline,0.9.94,2008-02-22T19:53:43Z[GMT]
junit,junit,3.8.1,2005-08-01T09:42:48Z[GMT],junit,junit,4.7,2009-08-12T15:54:07Z[GMT],org.codehaus.plexus,plexus-container-default,1.0-alpha-8,2005-10-12T00:38:30Z[GMT],org.codehaus.plexus,plexus-container-default,1.0-alpha-9,2005-12-07T23:35:14Z[GMT]
junit,junit,3.8.1,2005-08-01T09:42:48Z[GMT],junit,junit,4.7,2009-08-12T15:54:07Z[GMT],org.codehaus.plexus,plexus-container-default,1.0-alpha-29,2007-07-20T05:57:08Z[GMT],org.codehaus.plexus,plexus-container-default,1.0-alpha-30,2007-07-31T00:03:43Z[GMT]
junit,junit,3.8.1,2005-08-01T09:42:48Z[GMT],junit,junit,4.7,2009-08-12T15:54:07Z[GMT],org.codehaus.plexus,plexus-container-default,1.0-alpha-9,2005-12-07T23:35:14Z[GMT],org.codehaus.plexus,plexus-container-default,1.0-alpha-9-stable-1,2007-03-11T01:49:21Z[GMT]
junit,junit,3.8.1,2005-08-01T09:42:48Z[GMT],junit,junit,4.7,2009-08-12T15:54:07Z[GMT],org.testng,testng,5.6,2016-08-10T15:08:35Z[GMT],org.testng,testng,5.7,2010-07-17T13:36:11Z[GMT]
junit,junit,3.8.1,2005-08-01T09:42:48Z[GMT],junit,junit,4.7,2009-08-12T15:54:07Z[GMT],org.testng,testng,5.9,2010-07-17T13:36:11Z[GMT],org.testng,testng,5.10,2010-07-17T13:36:11Z[GMT]
junit,junit,3.8.1,2005-08-01T09:42:48Z[GMT],junit,junit,4.7,2009-08-12T15:54:07Z[GMT],org.springframework,spring-test,2.5.5,2008-06-23T17:28:55Z[GMT],org.springframework,spring-test,2.5.6,2008-11-02T01:45:09Z[GMT]
junit,junit,3.8.1,2005-08-01T09:42:48Z[GMT],junit,junit,4.7,2009-08-12T15:54:07Z[GMT],net.sourceforge.serp,serp,1.12.0,2006-11-08T17:55:48Z[GMT],net.sourceforge.serp,serp,1.13.1,2007-08-11T21:27:06Z[GMT]
junit,junit,3.8.1,2005-08-01T09:42:48Z[GMT],junit,junit,4.7,2009-08-12T15:54:07Z[GMT],org.apache.activemq,activemq-optional,5.2.0,2008-11-20T10:33:42Z[GMT],org.apache.activemq,activemq-optional,5.3.0,2009-10-08T10:32:14Z[GMT]
junit,junit,3.8.1,2005-08-01T09:42:48Z[GMT],junit,junit,4.7,2009-08-12T15:54:07Z[GMT],org.springframework,spring-test,2.5.6,2008-11-02T01:45:09Z[GMT],org.springframework,spring-test,2.5.6.SEC01,2009-04-22T22:56:25Z[GMT]
junit,junit,3.8.1,2005-08-01T09:42:48Z[GMT],junit,junit,4.7,2009-08-12T15:54:07Z[GMT],commons-httpclient,commons-httpclient,3.0rc3,2016-08-10T15:08:35Z[GMT],commons-httpclient,commons-httpclient,3.0,2005-12-20T05:34:26Z[GMT]
junit,junit,3.8.1,2005-08-01T09:42:48Z[GMT],junit,junit,4.7,2009-08-12T15:54:07Z[GMT],org.codehaus.xfire,xfire-spring,1.2.4,2007-01-07T00:36:49Z[GMT],org.codehaus.xfire,xfire-spring,1.2.5,2007-03-14T04:13:43Z[GMT]
junit,junit,3.8.1,2005-08-01T09:42:48Z[GMT],junit,junit,4.7,2009-08-12T15:54:07Z[GMT],jmock,jmock,1.1.0,2006-08-30T16:21:01Z[GMT],jmock,jmock,1.2.0,2007-04-12T19:45:27Z[GMT]
junit,junit,3.8.1,2005-08-01T09:42:48Z[GMT],junit,junit,4.7,2009-08-12T15:54:07Z[GMT],org.codehaus.plexus,plexus-container-default,1.0-alpha-7,2005-10-03T00:44:33Z[GMT],org.codehaus.plexus,plexus-container-default,1.0-alpha-8,2005-10-12T00:38:30Z[GMT]
junit,junit,3.8.1,2005-08-01T09:42:48Z[GMT],junit,junit,4.7,2009-08-12T15:54:07Z[GMT],commons-httpclient,commons-httpclient,3.0,2005-12-20T05:34:26Z[GMT],commons-httpclient,commons-httpclient,3.0.1,2006-05-07T20:31:59Z[GMT]
junit,junit,3.8.1,2005-08-01T09:42:48Z[GMT],junit,junit,4.8,2010-10-05T08:50:56Z[GMT],org.codehaus.plexus,plexus-container-default,1.0-alpha-8,2005-10-12T00:38:30Z[GMT],org.codehaus.plexus,plexus-container-default,1.0-alpha-9,2005-12-07T23:35:14Z[GMT]
junit,junit,3.8.1,2005-08-01T09:42:48Z[GMT],junit,junit,4.8.1,2010-02-25T00:21:58Z[GMT],org.apache.servicemix.bundles,org.apache.servicemix.bundles.serp,1.13.1_4,2011-04-19T07:15:10Z[GMT],org.apache.servicemix.bundles,org.apache.servicemix.bundles.serp,1.14.1_1,2012-12-10T15:14:30Z[GMT]
junit,junit,3.8.1,2005-08-01T09:42:48Z[GMT],junit,junit,4.8.1,2010-02-25T00:21:58Z[GMT],org.codehaus.plexus,plexus-container-default,1.0-alpha-8,2005-10-12T00:38:30Z[GMT],org.codehaus.plexus,plexus-container-default,1.0-alpha-9,2005-12-07T23:35:14Z[GMT]
junit,junit,3.8.1,2005-08-01T09:42:48Z[GMT],junit,junit,4.8.1,2010-02-25T00:21:58Z[GMT],org.codehaus.plexus,plexus-container-default,1.0-alpha-29,2007-07-20T05:57:08Z[GMT],org.codehaus.plexus,plexus-container-default,1.0-alpha-30,2007-07-31T00:03:43Z[GMT]
junit,junit,3.8.1,2005-08-01T09:42:48Z[GMT],junit,junit,4.8.1,2010-02-25T00:21:58Z[GMT],org.testng,testng,5.8,2010-07-17T13:36:11Z[GMT],org.testng,testng,5.9,2010-07-17T13:36:11Z[GMT]
junit,junit,3.8.1,2005-08-01T09:42:48Z[GMT],junit,junit,4.8.1,2010-02-25T00:21:58Z[GMT],jline,jline,0.9.93,2007-11-13T22:16:44Z[GMT],jline,jline,0.9.94,2008-02-22T19:53:43Z[GMT]
junit,junit,3.8.1,2005-08-01T09:42:48Z[GMT],junit,junit,4.8.1,2010-02-25T00:21:58Z[GMT],commons-httpclient,commons-httpclient,3.0,2005-12-20T05:34:26Z[GMT],commons-httpclient,commons-httpclient,3.0.1,2006-05-07T20:31:59Z[GMT]
junit,junit,3.8.1,2005-08-01T09:42:48Z[GMT],junit,junit,4.8.1,2010-02-25T00:21:58Z[GMT],org.jvnet.winp,winp,1.13,2010-05-19T11:07:45Z[GMT],org.jvnet.winp,winp,1.14,2010-05-19T11:07:46Z[GMT]
junit,junit,3.8.1,2005-08-01T09:42:48Z[GMT],junit,junit,4.8.1,2010-02-25T00:21:58Z[GMT],org.jvnet.hyperjaxb3,maven-hyperjaxb3-plugin-testing,0.5.5,2010-07-12T20:02:45Z[GMT],org.jvnet.hyperjaxb3,maven-hyperjaxb3-plugin-testing,0.5.6,2011-07-07T06:08:48Z[GMT]
junit,junit,3.8.1,2005-08-01T09:42:48Z[GMT],junit,junit,4.8.1,2010-02-25T00:21:58Z[GMT],org.jvnet.jaxb2.maven2,maven-jaxb2-plugin-testing,0.7.3,2010-05-19T23:56:19Z[GMT],org.jvnet.jaxb2.maven2,maven-jaxb2-plugin-testing,0.7.4,2010-07-30T00:28:47Z[GMT]
junit,junit,3.8.1,2005-08-01T09:42:48Z[GMT],junit,junit,4.8.1,2010-02-25T00:21:58Z[GMT],org.seleniumhq.selenium,selenium-support,2.0a5,2010-07-26T22:02:25Z[GMT],org.seleniumhq.selenium,selenium-support,2.0a6,2010-10-09T22:41:37Z[GMT]
junit,junit,3.8.1,2005-08-01T09:42:48Z[GMT],junit,junit,4.8.1,2010-02-25T00:21:58Z[GMT],org.codehaus.plexus,plexus-container-default,1.0-alpha-11,2006-11-26T13:29:16Z[GMT],org.codehaus.plexus,plexus-container-default,1.0-alpha-12,2006-11-27T01:27:39Z[GMT]
junit,junit,3.8.1,2005-08-01T09:42:48Z[GMT],junit,junit,4.8.1,2010-02-25T00:21:58Z[GMT],org.testng,testng,5.9,2010-07-17T13:36:11Z[GMT],org.testng,testng,5.10,2010-07-17T13:36:11Z[GMT]
junit,junit,3.8.1,2005-08-01T09:42:48Z[GMT],junit,junit,4.8.1,2010-02-25T00:21:58Z[GMT],commons-httpclient,commons-httpclient,3.0rc3,2016-08-10T15:08:35Z[GMT],commons-httpclient,commons-httpclient,3.0,2005-12-20T05:34:26Z[GMT]
junit,junit,3.8.1,2005-08-01T09:42:48Z[GMT],junit,junit,4.8.1,2010-02-25T00:21:58Z[GMT],org.codehaus.plexus,plexus-container-default,1.5.4,2010-01-30T22:50:02Z[GMT],org.codehaus.plexus,plexus-container-default,1.5.5,2010-09-30T20:15:28Z[GMT]
junit,junit,3.8.1,2005-08-01T09:42:48Z[GMT],junit,junit,4.8.1,2010-02-25T00:21:58Z[GMT],org.codehaus.plexus,plexus-container-default,1.0-alpha-7,2005-10-03T00:44:33Z[GMT],org.codehaus.plexus,plexus-container-default,1.0-alpha-8,2005-10-12T00:38:30Z[GMT]
junit,junit,3.8.1,2005-08-01T09:42:48Z[GMT],junit,junit,4.8.1,2010-02-25T00:21:58Z[GMT],org.codehaus.plexus,plexus-container-default,1.0-alpha-9,2005-12-07T23:35:14Z[GMT],org.codehaus.plexus,plexus-container-default,1.0-alpha-9-stable-1,2007-03-11T01:49:21Z[GMT]
junit,junit,3.8.1,2005-08-01T09:42:48Z[GMT],junit,junit,4.8.1,2010-02-25T00:21:58Z[GMT],net.sourceforge.serp,serp,1.12.0,2006-11-08T17:55:48Z[GMT],net.sourceforge.serp,serp,1.13.1,2007-08-11T21:27:06Z[GMT]
junit,junit,3.8.1,2005-08-01T09:42:48Z[GMT],junit,junit,4.8.1,2010-02-25T00:21:58Z[GMT],org.springframework,spring-test,2.5.5,2008-06-23T17:28:55Z[GMT],org.springframework,spring-test,2.5.6,2008-11-02T01:45:09Z[GMT]
junit,junit,3.8.1,2005-08-01T09:42:48Z[GMT],junit,junit,4.8.1,2010-02-25T00:21:58Z[GMT],org.codehaus.plexus,plexus-container-default,1.0-alpha-47,2008-05-28T23:37:14Z[GMT],org.codehaus.plexus,plexus-container-default,1.0-alpha-48,2008-06-12T19:26:32Z[GMT]
junit,junit,3.8.1,2005-08-01T09:42:48Z[GMT],junit,junit,4.8.1,2010-02-25T00:21:58Z[GMT],org.testng,testng,6.0,2011-03-15T21:32:21Z[GMT],org.testng,testng,6.0.1,2011-03-24T20:12:30Z[GMT]
junit,junit,3.8.1,2005-08-01T09:42:48Z[GMT],junit,junit,4.8.1,2010-02-25T00:21:58Z[GMT],jline,jline,0.9.92,2007-11-13T22:06:14Z[GMT],jline,jline,0.9.93,2007-11-13T22:16:44Z[GMT]
junit,junit,3.8.1,2005-08-01T09:42:48Z[GMT],junit,junit,4.8.1,2010-02-25T00:21:58Z[GMT],net.homeip.yusuke,twitter4j,2.0.7,2009-06-04T03:31:34Z[GMT],net.homeip.yusuke,twitter4j,2.0.8,2009-06-13T04:06:19Z[GMT]
junit,junit,3.8.1,2005-08-01T09:42:48Z[GMT],junit,junit,4.8.1,2010-02-25T00:21:58Z[GMT],org.jvnet.hyperjaxb3,hyperjaxb3-ejb-roundtrip,0.5.5,2010-07-12T20:02:23Z[GMT],org.jvnet.hyperjaxb3,hyperjaxb3-ejb-roundtrip,0.5.6,2011-07-07T06:03:50Z[GMT]
junit,junit,3.8.1,2005-08-01T09:42:48Z[GMT],junit,junit,4.8.2,2010-10-05T08:51:28Z[GMT],org.testng,testng,6.2.1,2011-09-08T14:58:51Z[GMT],org.testng,testng,6.3,2011-10-16T21:14:22Z[GMT]
junit,junit,3.8.1,2005-08-01T09:42:48Z[GMT],junit,junit,4.8.2,2010-10-05T08:51:28Z[GMT],commons-httpclient,commons-httpclient,3.0,2005-12-20T05:34:26Z[GMT],commons-httpclient,commons-httpclient,3.0.1,2006-05-07T20:31:59Z[GMT]
junit,junit,3.8.1,2005-08-01T09:42:48Z[GMT],junit,junit,4.8.2,2010-10-05T08:51:28Z[GMT],com.ebmwebsourcing.easybox,easybox-impl,v2012-02-13,2016-08-10T15:08:35Z[GMT],com.ebmwebsourcing.easybox,easybox-impl,v2013-03-11,2016-08-10T15:08:35Z[GMT]
junit,junit,3.8.1,2005-08-01T09:42:48Z[GMT],junit,junit,4.8.2,2010-10-05T08:51:28Z[GMT],jline,jline,0.9.93,2007-11-13T22:16:44Z[GMT],jline,jline,0.9.94,2008-02-22T19:53:43Z[GMT]
junit,junit,3.8.1,2005-08-01T09:42:48Z[GMT],junit,junit,4.8.2,2010-10-05T08:51:28Z[GMT],org.testng,testng,5.14.1,2010-10-04T18:13:50Z[GMT],org.testng,testng,5.14.2,2010-10-05T02:14:57Z[GMT]
junit,junit,3.8.1,2005-08-01T09:42:48Z[GMT],junit,junit,4.8.2,2010-10-05T08:51:28Z[GMT],org.codehaus.plexus,plexus-component-api,1.0-alpha-32,2007-08-28T05:50:40Z[GMT],org.codehaus.plexus,plexus-component-api,1.0-alpha-33,2007-10-16T19:52:53Z[GMT]
junit,junit,3.8.1,2005-08-01T09:42:48Z[GMT],junit,junit,4.8.2,2010-10-05T08:51:28Z[GMT],org.testng,testng,6.1,2011-06-29T21:10:15Z[GMT],org.testng,testng,6.1.1,2011-07-05T22:22:46Z[GMT]
junit,junit,3.8.1,2005-08-01T09:42:48Z[GMT],junit,junit,4.8.2,2010-10-05T08:51:28Z[GMT],org.codehaus.plexus,plexus-container-default,1.0-alpha-7,2005-10-03T00:44:33Z[GMT],org.codehaus.plexus,plexus-container-default,1.0-alpha-8,2005-10-12T00:38:30Z[GMT]
junit,junit,3.8.1,2005-08-01T09:42:48Z[GMT],junit,junit,4.8.2,2010-10-05T08:51:28Z[GMT],org.apache.ws.commons,ws-commons-util,1.0,2006-05-25T21:37:19Z[GMT],org.apache.ws.commons,ws-commons-util,1.0.1,2006-06-19T20:47:50Z[GMT]
junit,junit,3.8.1,2005-08-01T09:42:48Z[GMT],junit,junit,4.8.2,2010-10-05T08:51:28Z[GMT],org.hibernate,hibernate-search-testing,3.3.0.Final,2010-12-14T21:36:04Z[GMT],org.hibernate,hibernate-search-testing,3.4.0.Beta1,2011-03-21T16:56:05Z[GMT]
junit,junit,3.8.1,2005-08-01T09:42:48Z[GMT],junit,junit,4.8.2,2010-10-05T08:51:28Z[GMT],commons-httpclient,commons-httpclient,3.0rc3,2016-08-10T15:08:35Z[GMT],commons-httpclient,commons-httpclient,3.0,2005-12-20T05:34:26Z[GMT]
junit,junit,3.8.1,2005-08-01T09:42:48Z[GMT],junit,junit,4.8.2,2010-10-05T08:51:28Z[GMT],org.codehaus.plexus,plexus-container-default,1.0-alpha-29,2007-07-20T05:57:08Z[GMT],org.codehaus.plexus,plexus-container-default,1.0-alpha-30,2007-07-31T00:03:43Z[GMT]
junit,junit,3.8.1,2005-08-01T09:42:48Z[GMT],junit,junit,4.8.2,2010-10-05T08:51:28Z[GMT],org.testng,testng,5.14.9,2011-02-04T19:18:24Z[GMT],org.testng,testng,5.14.10,2011-02-15T22:47:09Z[GMT]
junit,junit,3.8.1,2005-08-01T09:42:48Z[GMT],junit,junit,4.8.2,2010-10-05T08:51:28Z[GMT],org.testng,testng,6.0,2011-03-15T21:32:21Z[GMT],org.testng,testng,6.0.1,2011-03-24T20:12:30Z[GMT]
junit,junit,3.8.1,2005-08-01T09:42:48Z[GMT],junit,junit,4.8.2,2010-10-05T08:51:28Z[GMT],org.codehaus.plexus,plexus-container-default,1.0-alpha-8,2005-10-12T00:38:30Z[GMT],org.codehaus.plexus,plexus-container-default,1.0-alpha-9,2005-12-07T23:35:14Z[GMT]
junit,junit,3.8.1,2005-08-01T09:42:48Z[GMT],junit,junit,4.8.2,2010-10-05T08:51:28Z[GMT],org.apache.maven.wagon,wagon-provider-test,1.0,2011-07-06T22:58:11Z[GMT],org.apache.maven.wagon,wagon-provider-test,2.0,2011-09-26T13:34:37Z[GMT]
junit,junit,3.8.1,2005-08-01T09:42:48Z[GMT],junit,junit,4.8.2,2010-10-05T08:51:28Z[GMT],org.apache.maven.wagon,wagon-ssh-common-test,1.0,2011-07-06T23:02:50Z[GMT],org.apache.maven.wagon,wagon-ssh-common-test,2.0,2011-09-26T13:45:26Z[GMT]
junit,junit,3.8.1,2005-08-01T09:42:48Z[GMT],junit,junit,4.8.2,2010-10-05T08:51:28Z[GMT],org.springframework,spring-test,2.5.5,2008-06-23T17:28:55Z[GMT],org.springframework,spring-test,2.5.6,2008-11-02T01:45:09Z[GMT]
junit,junit,3.8.1,2005-08-01T09:42:48Z[GMT],junit,junit,4.8.2,2010-10-05T08:51:28Z[GMT],org.testng,testng,5.0.2,2016-08-10T15:08:35Z[GMT],org.testng,testng,5.1,2010-07-17T13:36:11Z[GMT]
junit,junit,3.8.1,2005-08-01T09:42:48Z[GMT],junit,junit,4.8.2,2010-10-05T08:51:28Z[GMT],org.testng,testng,5.9,2010-07-17T13:36:11Z[GMT],org.testng,testng,5.10,2010-07-17T13:36:11Z[GMT]
junit,junit,3.8.1,2005-08-01T09:42:48Z[GMT],junit,junit,4.8.2,2010-10-05T08:51:28Z[GMT],net.sourceforge.serp,serp,1.12.0,2006-11-08T17:55:48Z[GMT],net.sourceforge.serp,serp,1.13.1,2007-08-11T21:27:06Z[GMT]
junit,junit,3.8.1,2005-08-01T09:42:48Z[GMT],junit,junit,4.8.2,2010-10-05T08:51:28Z[GMT],org.testng,testng,5.14.5,2010-12-21T18:43:17Z[GMT],org.testng,testng,5.14.6,2010-12-22T23:07:52Z[GMT]
junit,junit,3.8.1,2005-08-01T09:42:48Z[GMT],junit,junit,4.8.2,2010-10-05T08:51:28Z[GMT],org.codehaus.plexus,plexus-container-default,1.0-alpha-43,2008-01-18T19:30:03Z[GMT],org.codehaus.plexus,plexus-container-default,1.0-alpha-44,2008-02-05T21:25:31Z[GMT]
junit,junit,3.8.1,2005-08-01T09:42:48Z[GMT],junit,junit,4.8.2,2010-10-05T08:51:28Z[GMT],org.codehaus.plexus,plexus-container-default,1.5.4,2010-01-30T22:50:02Z[GMT],org.codehaus.plexus,plexus-container-default,1.5.5,2010-09-30T20:15:28Z[GMT]
junit,junit,3.8.1,2005-08-01T09:42:48Z[GMT],junit,junit,4.8.2,2010-10-05T08:51:28Z[GMT],org.codehaus.plexus,plexus-container-default,1.0-alpha-9,2005-12-07T23:35:14Z[GMT],org.codehaus.plexus,plexus-container-default,1.0-alpha-9-stable-1,2007-03-11T01:49:21Z[GMT]
junit,junit,3.8.1,2005-08-01T09:42:48Z[GMT],junit,junit,4.8.2,2010-10-05T08:51:28Z[GMT],org.jvnet.hyperjaxb3,hyperjaxb3-ejb-roundtrip,0.5.5,2010-07-12T20:02:23Z[GMT],org.jvnet.hyperjaxb3,hyperjaxb3-ejb-roundtrip,0.5.6,2011-07-07T06:03:50Z[GMT]
junit,junit,3.8.1,2005-08-01T09:42:48Z[GMT],junit,junit,4.9,2011-08-22T18:15:37Z[GMT],org.testng,testng,6.2,2011-08-18T18:21Z[GMT],org.testng,testng,6.2.1,2011-09-08T14:58:51Z[GMT]
junit,junit,3.8.1,2005-08-01T09:42:48Z[GMT],junit,junit,4.9,2011-08-22T18:15:37Z[GMT],org.codehaus.plexus,plexus-container-default,1.0-alpha-43,2008-01-18T19:30:03Z[GMT],org.codehaus.plexus,plexus-container-default,1.0-alpha-44,2008-02-05T21:25:31Z[GMT]
junit,junit,3.8.1,2005-08-01T09:42:48Z[GMT],junit,junit,4.9,2011-08-22T18:15:37Z[GMT],org.testng,testng,5.9,2010-07-17T13:36:11Z[GMT],org.testng,testng,5.10,2010-07-17T13:36:11Z[GMT]
junit,junit,3.8.1,2005-08-01T09:42:48Z[GMT],junit,junit,4.9,2011-08-22T18:15:37Z[GMT],org.testng,testng,6.3,2011-10-16T21:14:22Z[GMT],org.testng,testng,6.3.1,2011-11-22T22:07:51Z[GMT]
junit,junit,3.8.1,2005-08-01T09:42:48Z[GMT],junit,junit,4.9,2011-08-22T18:15:37Z[GMT],org.codehaus.plexus,plexus-container-default,1.0-alpha-9,2005-12-07T23:35:14Z[GMT],org.codehaus.plexus,plexus-container-default,1.0-alpha-9-stable-1,2007-03-11T01:49:21Z[GMT]
junit,junit,3.8.1,2005-08-01T09:42:48Z[GMT],junit,junit,4.9,2011-08-22T18:15:37Z[GMT],org.codehaus.plexus,plexus-container-default,1.5.4,2010-01-30T22:50:02Z[GMT],org.codehaus.plexus,plexus-container-default,1.5.5,2010-09-30T20:15:28Z[GMT]
junit,junit,3.8.1,2005-08-01T09:42:48Z[GMT],junit,junit,4.9,2011-08-22T18:15:37Z[GMT],org.codehaus.redback,redback-users-tests,1.3-M2,2012-11-28T04:09:21Z[GMT],org.codehaus.redback,redback-users-tests,1.3,2011-10-12T08:32:49Z[GMT]
junit,junit,3.8.1,2005-08-01T09:42:48Z[GMT],junit,junit,4.9,2011-08-22T18:15:37Z[GMT],org.codehaus.redback,redback-rbac-tests,1.3-M2,2012-11-28T04:40:47Z[GMT],org.codehaus.redback,redback-rbac-tests,1.3,2011-10-12T08:42Z[GMT]
junit,junit,3.8.1,2005-08-01T09:42:48Z[GMT],junit,junit,4.9,2011-08-22T18:15:37Z[GMT],jline,jline,0.9.93,2007-11-13T22:16:44Z[GMT],jline,jline,0.9.94,2008-02-22T19:53:43Z[GMT]
junit,junit,3.8.1,2005-08-01T09:42:48Z[GMT],junit,junit,4.9,2011-08-22T18:15:37Z[GMT],net.sourceforge.serp,serp,1.12.0,2006-11-08T17:55:48Z[GMT],net.sourceforge.serp,serp,1.13.1,2007-08-11T21:27:06Z[GMT]
junit,junit,3.8.1,2005-08-01T09:42:48Z[GMT],junit,junit,4.10,2011-09-29T19:12:15Z[GMT],org.jvnet.winp,winp,1.14,2010-05-19T11:07:46Z[GMT],org.jvnet.winp,winp,1.18,2014-03-11T19:19:11Z[GMT]
junit,junit,3.8.1,2005-08-01T09:42:48Z[GMT],junit,junit,4.10,2011-09-29T19:12:15Z[GMT],org.testng,testng,6.4,2012-02-12T17:36:36Z[GMT],org.testng,testng,6.5.1,2012-04-07T01:18:01Z[GMT]
junit,junit,3.8.1,2005-08-01T09:42:48Z[GMT],junit,junit,4.10,2011-09-29T19:12:15Z[GMT],org.codehaus.plexus,plexus-container-default,1.0-alpha-47,2008-05-28T23:37:14Z[GMT],org.codehaus.plexus,plexus-container-default,1.0-alpha-48,2008-06-12T19:26:32Z[GMT]
junit,junit,3.8.1,2005-08-01T09:42:48Z[GMT],junit,junit,4.10,2011-09-29T19:12:15Z[GMT],org.apache.ws.commons,ws-commons-util,1.0,2006-05-25T21:37:19Z[GMT],org.apache.ws.commons,ws-commons-util,1.0.1,2006-06-19T20:47:50Z[GMT]
junit,junit,3.8.1,2005-08-01T09:42:48Z[GMT],junit,junit,4.10,2011-09-29T19:12:15Z[GMT],org.apache.jackrabbit,jackrabbit-jcr-tests,2.3.2,2011-10-25T15:44:09Z[GMT],org.apache.jackrabbit,jackrabbit-jcr-tests,2.3.3,2011-11-08T16:27:21Z[GMT]
junit,junit,3.8.1,2005-08-01T09:42:48Z[GMT],junit,junit,4.10,2011-09-29T19:12:15Z[GMT],org.apache.maven.plugin-testing,maven-test-tools,1.2,2008-07-22T18:27:18Z[GMT],org.apache.maven.plugin-testing,maven-test-tools,2.0,2012-05-23T11:19:45Z[GMT]
junit,junit,3.8.1,2005-08-01T09:42:48Z[GMT],junit,junit,4.10,2011-09-29T19:12:15Z[GMT],org.testng,testng,6.3.1,2011-11-22T22:07:51Z[GMT],org.testng,testng,6.4,2012-02-12T17:36:36Z[GMT]
junit,junit,3.8.1,2005-08-01T09:42:48Z[GMT],junit,junit,4.10,2011-09-29T19:12:15Z[GMT],jline,jline,0.9.93,2007-11-13T22:16:44Z[GMT],jline,jline,0.9.94,2008-02-22T19:53:43Z[GMT]
junit,junit,3.8.1,2005-08-01T09:42:48Z[GMT],junit,junit,4.10,2011-09-29T19:12:15Z[GMT],org.codehaus.plexus,plexus-container-default,1.0-alpha-19,2007-03-10T15:25:05Z[GMT],org.codehaus.plexus,plexus-container-default,1.0-alpha-20,2007-03-16T16:43:28Z[GMT]
junit,junit,3.8.1,2005-08-01T09:42:48Z[GMT],junit,junit,4.10,2011-09-29T19:12:15Z[GMT],org.codehaus.plexus,plexus-container-default,1.0-alpha-29,2007-07-20T05:57:08Z[GMT],org.codehaus.plexus,plexus-container-default,1.0-alpha-30,2007-07-31T00:03:43Z[GMT]
junit,junit,3.8.1,2005-08-01T09:42:48Z[GMT],junit,junit,4.10,2011-09-29T19:12:15Z[GMT],org.codehaus.plexus,plexus-container-default,1.0-alpha-8,2005-10-12T00:38:30Z[GMT],org.codehaus.plexus,plexus-container-default,1.0-alpha-9,2005-12-07T23:35:14Z[GMT]
junit,junit,3.8.1,2005-08-01T09:42:48Z[GMT],junit,junit,4.10,2011-09-29T19:12:15Z[GMT],org.apache.maven.shared,maven-plugin-testing-harness,1.0,2007-04-20T18:10:47Z[GMT],org.apache.maven.shared,maven-plugin-testing-harness,1.1,2007-07-11T03:16:19Z[GMT]
junit,junit,3.8.1,2005-08-01T09:42:48Z[GMT],junit,junit,4.10,2011-09-29T19:12:15Z[GMT],org.codehaus.plexus,plexus-container-default,1.5.4,2010-01-30T22:50:02Z[GMT],org.codehaus.plexus,plexus-container-default,1.5.5,2010-09-30T20:15:28Z[GMT]
junit,junit,3.8.1,2005-08-01T09:42:48Z[GMT],junit,junit,4.10,2011-09-29T19:12:15Z[GMT],org.testng,testng,5.7,2010-07-17T13:36:11Z[GMT],org.testng,testng,5.8,2010-07-17T13:36:11Z[GMT]
junit,junit,3.8.1,2005-08-01T09:42:48Z[GMT],junit,junit,4.10,2011-09-29T19:12:15Z[GMT],org.codehaus.plexus,plexus-container-default,1.0-alpha-43,2008-01-18T19:30:03Z[GMT],org.codehaus.plexus,plexus-container-default,1.0-alpha-44,2008-02-05T21:25:31Z[GMT]
junit,junit,3.8.1,2005-08-01T09:42:48Z[GMT],junit,junit,4.10,2011-09-29T19:12:15Z[GMT],org.codehaus.plexus,plexus-container-default,1.0-alpha-7,2005-10-03T00:44:33Z[GMT],org.codehaus.plexus,plexus-container-default,1.0-alpha-8,2005-10-12T00:38:30Z[GMT]
junit,junit,3.8.1,2005-08-01T09:42:48Z[GMT],junit,junit,4.10,2011-09-29T19:12:15Z[GMT],net.sourceforge.serp,serp,1.12.0,2006-11-08T17:55:48Z[GMT],net.sourceforge.serp,serp,1.13.1,2007-08-11T21:27:06Z[GMT]
junit,junit,3.8.1,2005-08-01T09:42:48Z[GMT],junit,junit,4.10,2011-09-29T19:12:15Z[GMT],org.testng,testng,6.3,2011-10-16T21:14:22Z[GMT],org.testng,testng,6.3.1,2011-11-22T22:07:51Z[GMT]
junit,junit,3.8.1,2005-08-01T09:42:48Z[GMT],junit,junit,4.10,2011-09-29T19:12:15Z[GMT],commons-httpclient,commons-httpclient,3.0,2005-12-20T05:34:26Z[GMT],commons-httpclient,commons-httpclient,3.0.1,2006-05-07T20:31:59Z[GMT]
junit,junit,3.8.1,2005-08-01T09:42:48Z[GMT],junit,junit,4.10,2011-09-29T19:12:15Z[GMT],org.springframework,spring-test,2.5.5,2008-06-23T17:28:55Z[GMT],org.springframework,spring-test,2.5.6,2008-11-02T01:45:09Z[GMT]
junit,junit,3.8.1,2005-08-01T09:42:48Z[GMT],junit,junit,4.10,2011-09-29T19:12:15Z[GMT],org.codehaus.plexus,plexus-container-default,1.0-alpha-9,2005-12-07T23:35:14Z[GMT],org.codehaus.plexus,plexus-container-default,1.0-alpha-9-stable-1,2007-03-11T01:49:21Z[GMT]
junit,junit,3.8.1,2005-08-01T09:42:48Z[GMT],junit,junit,4.10,2011-09-29T19:12:15Z[GMT],commons-jelly,commons-jelly,1.0-RC2,2005-10-15T06:08:24Z[GMT],commons-jelly,commons-jelly,1.0,2005-11-22T18:09:32Z[GMT]
junit,junit,3.8.1,2005-08-01T09:42:48Z[GMT],junit,junit,4.11,2012-11-14T19:21:20Z[GMT],org.jvnet.jaxb2_commons,jaxb2-basics-testing,0.8.2,2014-09-15T18:51:32Z[GMT],org.jvnet.jaxb2_commons,jaxb2-basics-testing,0.8.4,2014-09-26T23:34:49Z[GMT]
junit,junit,3.8.1,2005-08-01T09:42:48Z[GMT],junit,junit,4.11,2012-11-14T19:21:20Z[GMT],org.sakaiproject.polls,polls-impl,1.5.3,2013-08-21T01:51:39Z[GMT],org.sakaiproject.polls,polls-impl,11.0,2016-07-23T07:26:31Z[GMT]
junit,junit,3.8.1,2005-08-01T09:42:48Z[GMT],junit,junit,4.11,2012-11-14T19:21:20Z[GMT],com.blazegraph,junit-ext,2.0.0,2016-01-26T13:40:33Z[GMT],com.blazegraph,junit-ext,2.0.1,2016-02-25T04:53:16Z[GMT]
junit,junit,3.8.1,2005-08-01T09:42:48Z[GMT],junit,junit,4.11,2012-11-14T19:21:20Z[GMT],ch.agent,crnickl-test,1.0.0,2013-01-21T17:34:35Z[GMT],ch.agent,crnickl-test,1.1.0,2013-04-30T20:39:02Z[GMT]
junit,junit,3.8.1,2005-08-01T09:42:48Z[GMT],junit,junit,4.11,2012-11-14T19:21:20Z[GMT],org.apache.nutch,nutch,1.6,2012-11-23T13:42:30Z[GMT],org.apache.nutch,nutch,1.10,2015-04-29T21:36:46Z[GMT]
junit,junit,3.8.1,2005-08-01T09:42:48Z[GMT],junit,junit,4.11,2012-11-14T19:21:20Z[GMT],org.apache.nutch,nutch,2.1,2012-09-21T14:42:53Z[GMT],org.apache.nutch,nutch,2.3,2015-01-09T08:32:26Z[GMT]
junit,junit,3.8.1,2005-08-01T09:42:48Z[GMT],junit,junit,4.11,2012-11-14T19:21:20Z[GMT],org.apache.servicemix.bundles,org.apache.servicemix.bundles.hbase,0.95.0_3,2015-09-10T16:33:30Z[GMT],org.apache.servicemix.bundles,org.apache.servicemix.bundles.hbase,0.95.1-hadoop1_3,2015-09-10T16:23:12Z[GMT]
junit,junit,3.8.1,2005-08-01T09:42:48Z[GMT],junit,junit,4.11,2012-11-14T19:21:20Z[GMT],org.codehaus.plexus,plexus-container-default,1.0-alpha-8,2005-10-12T00:38:30Z[GMT],org.codehaus.plexus,plexus-container-default,1.0-alpha-9,2005-12-07T23:35:14Z[GMT]
junit,junit,3.8.1,2005-08-01T09:42:48Z[GMT],junit,junit,4.11,2012-11-14T19:21:20Z[GMT],commons-httpclient,commons-httpclient,3.0,2005-12-20T05:34:26Z[GMT],commons-httpclient,commons-httpclient,3.0.1,2006-05-07T20:31:59Z[GMT]
junit,junit,3.8.1,2005-08-01T09:42:48Z[GMT],junit,junit,4.11,2012-11-14T19:21:20Z[GMT],commons-httpclient,commons-httpclient,3.0rc3,2016-08-10T15:08:35Z[GMT],commons-httpclient,commons-httpclient,3.0,2005-12-20T05:34:26Z[GMT]
junit,junit,3.8.1,2005-08-01T09:42:48Z[GMT],junit,junit,4.11,2012-11-14T19:21:20Z[GMT],net.sourceforge.serp,serp,1.13.1,2007-08-11T21:27:06Z[GMT],net.sourceforge.serp,serp,1.14.1,2012-09-05T18:31:14Z[GMT]
junit,junit,3.8.1,2005-08-01T09:42:48Z[GMT],junit,junit,4.11,2012-11-14T19:21:20Z[GMT],org.apache.servicemix.bundles,org.apache.servicemix.bundles.hadoop-core,1.1.2_1,2013-04-04T07:36:36Z[GMT],org.apache.servicemix.bundles,org.apache.servicemix.bundles.hadoop-core,1.2.1_1,2013-08-29T20:04:35Z[GMT]
junit,junit,3.8.1,2005-08-01T09:42:48Z[GMT],junit,junit,4.11,2012-11-14T19:21:20Z[GMT],org.codehaus.plexus,plexus-container-default,1.5.4,2010-01-30T22:50:02Z[GMT],org.codehaus.plexus,plexus-container-default,1.5.5,2010-09-30T20:15:28Z[GMT]
junit,junit,3.8.1,2005-08-01T09:42:48Z[GMT],junit,junit,4.11,2012-11-14T19:21:20Z[GMT],jline,jline,0.9.93,2007-11-13T22:16:44Z[GMT],jline,jline,0.9.94,2008-02-22T19:53:43Z[GMT]
junit,junit,3.8.1,2005-08-01T09:42:48Z[GMT],junit,junit,4.11,2012-11-14T19:21:20Z[GMT],org.testng,testng,6.1,2011-06-29T21:10:15Z[GMT],org.testng,testng,6.1.1,2011-07-05T22:22:46Z[GMT]
junit,junit,3.8.1,2005-08-01T09:42:48Z[GMT],junit,junit,4.11,2012-11-14T19:21:20Z[GMT],org.codehaus.plexus,plexus-container-default,1.0-alpha-7,2005-10-03T00:44:33Z[GMT],org.codehaus.plexus,plexus-container-default,1.0-alpha-8,2005-10-12T00:38:30Z[GMT]
junit,junit,3.8.1,2005-08-01T09:42:48Z[GMT],junit,junit,4.11,2012-11-14T19:21:20Z[GMT],net.sourceforge.serp,serp,1.12.0,2006-11-08T17:55:48Z[GMT],net.sourceforge.serp,serp,1.13.1,2007-08-11T21:27:06Z[GMT]
junit,junit,3.8.1,2005-08-01T09:42:48Z[GMT],junit,junit,4.11,2012-11-14T19:21:20Z[GMT],org.codehaus.plexus,plexus-container-default,1.0-alpha-47,2008-05-28T23:37:14Z[GMT],org.codehaus.plexus,plexus-container-default,1.0-alpha-48,2008-06-12T19:26:32Z[GMT]
junit,junit,3.8.1,2005-08-01T09:42:48Z[GMT],junit,junit,4.11,2012-11-14T19:21:20Z[GMT],org.codehaus.plexus,plexus-container-default,1.0-alpha-9,2005-12-07T23:35:14Z[GMT],org.codehaus.plexus,plexus-container-default,1.0-alpha-9-stable-1,2007-03-11T01:49:21Z[GMT]
junit,junit,3.8.1,2005-08-01T09:42:48Z[GMT],junit,junit,4.11,2012-11-14T19:21:20Z[GMT],org.testng,testng,6.3,2011-10-16T21:14:22Z[GMT],org.testng,testng,6.3.1,2011-11-22T22:07:51Z[GMT]
junit,junit,3.8.1,2005-08-01T09:42:48Z[GMT],junit,junit,4.11,2012-11-14T19:21:20Z[GMT],org.codehaus.plexus,plexus-container-default,1.0-alpha-29,2007-07-20T05:57:08Z[GMT],org.codehaus.plexus,plexus-container-default,1.0-alpha-30,2007-07-31T00:03:43Z[GMT]
junit,junit,3.8.1,2005-08-01T09:42:48Z[GMT],junit,junit,4.12,2014-12-04T16:17:43Z[GMT],com.srcclr,srcclr-maven-plugin,2.3.2,2017-03-23T03:38:51Z[GMT],com.srcclr,srcclr-maven-plugin,2.3.13,2018-01-18T08:27:35Z[GMT]
junit,junit,3.8.1,2005-08-01T09:42:48Z[GMT],junit,junit,4.12,2014-12-04T16:17:43Z[GMT],org.apache.uima,uimaj-component-test-util,2.6.0,2014-05-06T20:22:04Z[GMT],org.apache.uima,uimaj-component-test-util,2.10.0,2017-03-27T22:54:28Z[GMT]
junit,junit,3.8.1,2005-08-01T09:42:48Z[GMT],junit,junit,4.12,2014-12-04T16:17:43Z[GMT],org.apache.uima,uimaj-test-util,2.6.0,2014-05-06T20:16:11Z[GMT],org.apache.uima,uimaj-test-util,2.10.0,2017-03-27T22:49:19Z[GMT]
junit,junit,3.8.1,2005-08-01T09:42:48Z[GMT],junit,junit,4.12,2014-12-04T16:17:43Z[GMT],org.apache.james,apache-james-mpt-antlib,0.1,2009-05-26T08:32:35Z[GMT],org.apache.james,apache-james-mpt-antlib,3.0.0-RC1,2017-05-10T07:48:31Z[GMT]
junit,junit,3.8.1,2005-08-01T09:42:48Z[GMT],junit,junit,4.12,2014-12-04T16:17:43Z[GMT],org.codehaus.cargo,cargo-sample-java,1.4.10,2014-09-21T16:50:58Z[GMT],org.codehaus.cargo,cargo-sample-java,1.5.0,2016-05-31T20:12:18Z[GMT]
junit,junit,3.8.1,2005-08-01T09:42:48Z[GMT],junit,junit,4.12,2014-12-04T16:17:43Z[GMT],org.uispec4j,uispec4j,2.4,2010-12-26T16:07:37Z[GMT],org.uispec4j,uispec4j,2.5-RC1,2015-04-05T01:28:41Z[GMT]
junit,junit,3.8.1,2005-08-01T09:42:48Z[GMT],junit,junit,4.12,2014-12-04T16:17:43Z[GMT],org.codehaus.plexus,plexus-container-default,1.0-alpha-8,2005-10-12T00:38:30Z[GMT],org.codehaus.plexus,plexus-container-default,1.0-alpha-9,2005-12-07T23:35:14Z[GMT]
junit,junit,3.8.1,2005-08-01T09:42:48Z[GMT],junit,junit,4.12,2014-12-04T16:17:43Z[GMT],org.testng,testng,5.6,2016-08-10T15:08:35Z[GMT],org.testng,testng,5.7,2010-07-17T13:36:11Z[GMT]
junit,junit,3.8.1,2005-08-01T09:42:48Z[GMT],junit,junit,4.12,2014-12-04T16:17:43Z[GMT],org.codehaus.plexus,plexus-container-default,1.0-alpha-9,2005-12-07T23:35:14Z[GMT],org.codehaus.plexus,plexus-container-default,1.0-alpha-9-stable-1,2007-03-11T01:49:21Z[GMT]
junit,junit,3.8.1,2005-08-01T09:42:48Z[GMT],junit,junit,4.12,2014-12-04T16:17:43Z[GMT],org.codehaus.plexus,plexus-container-default,1.0-alpha-47,2008-05-28T23:37:14Z[GMT],org.codehaus.plexus,plexus-container-default,1.0-alpha-48,2008-06-12T19:26:32Z[GMT]
junit,junit,3.8.1,2005-08-01T09:42:48Z[GMT],junit,junit,4.12,2014-12-04T16:17:43Z[GMT],jline,jline,0.9.93,2007-11-13T22:16:44Z[GMT],jline,jline,0.9.94,2008-02-22T19:53:43Z[GMT]
junit,junit,3.8.2,2006-03-03T23:22:26Z[GMT],junit,junit,4.0,2006-02-16T08:34:50Z[GMT],org.codehaus.plexus,plexus-container-default,1.0-alpha-8,2005-10-12T00:38:30Z[GMT],org.codehaus.plexus,plexus-container-default,1.0-alpha-9,2005-12-07T23:35:14Z[GMT]
junit,junit,3.8.2,2006-03-03T23:22:26Z[GMT],junit,junit,4.0,2006-02-16T08:34:50Z[GMT],org.codehaus.plexus,plexus-container-default,1.0-alpha-9,2005-12-07T23:35:14Z[GMT],org.codehaus.plexus,plexus-container-default,1.0-alpha-9-stable-1,2007-03-11T01:49:21Z[GMT]
junit,junit,3.8.2,2006-03-03T23:22:26Z[GMT],junit,junit,4.1,2006-05-02T18:54:02Z[GMT],org.codehaus.plexus,plexus-container-default,1.4.0,2009-10-19T16:47:37Z[GMT],org.codehaus.plexus,plexus-container-default,1.4.1,2009-10-26T20:19:09Z[GMT]
junit,junit,3.8.2,2006-03-03T23:22:26Z[GMT],junit,junit,4.1,2006-05-02T18:54:02Z[GMT],org.codehaus.plexus,plexus-container-default,1.5.3,2010-01-24T21:24:14Z[GMT],org.codehaus.plexus,plexus-container-default,1.5.4,2010-01-30T22:50:02Z[GMT]
junit,junit,3.8.2,2006-03-03T23:22:26Z[GMT],junit,junit,4.1,2006-05-02T18:54:02Z[GMT],org.codehaus.plexus,plexus-container-default,1.5.1,2009-11-11T17:15:47Z[GMT],org.codehaus.plexus,plexus-container-default,1.5.2,2009-12-01T00:04:48Z[GMT]
junit,junit,3.8.2,2006-03-03T23:22:26Z[GMT],junit,junit,4.1,2006-05-02T18:54:02Z[GMT],org.codehaus.plexus,plexus-component-annotations,1.4.0,2009-10-19T16:47:17Z[GMT],org.codehaus.plexus,plexus-component-annotations,1.4.1,2009-10-26T20:18:49Z[GMT]
junit,junit,3.8.2,2006-03-03T23:22:26Z[GMT],junit,junit,4.1,2006-05-02T18:54:02Z[GMT],org.codehaus.plexus,plexus-container-default,1.0-alpha-8,2005-10-12T00:38:30Z[GMT],org.codehaus.plexus,plexus-container-default,1.0-alpha-9,2005-12-07T23:35:14Z[GMT]
junit,junit,3.8.2,2006-03-03T23:22:26Z[GMT],junit,junit,4.3,2007-03-20T15:13:18Z[GMT],org.codehaus.plexus,plexus-container-default,1.0-alpha-9,2005-12-07T23:35:14Z[GMT],org.codehaus.plexus,plexus-container-default,1.0-alpha-9-stable-1,2007-03-11T01:49:21Z[GMT]
junit,junit,3.8.2,2006-03-03T23:22:26Z[GMT],junit,junit,4.3.1,2007-03-29T20:46:54Z[GMT],org.codehaus.plexus,plexus-container-default,1.0-alpha-9,2005-12-07T23:35:14Z[GMT],org.codehaus.plexus,plexus-container-default,1.0-alpha-9-stable-1,2007-03-11T01:49:21Z[GMT]
junit,junit,3.8.2,2006-03-03T23:22:26Z[GMT],junit,junit,4.3.1,2007-03-29T20:46:54Z[GMT],com.thoughtworks.qdox,qdox,1.6.3,2007-06-15T10:24:58Z[GMT],com.thoughtworks.qdox,qdox,1.7,2008-12-23T04:05:22Z[GMT]
junit,junit,3.8.2,2006-03-03T23:22:26Z[GMT],junit,junit,4.3.1,2007-03-29T20:46:54Z[GMT],jline,jline,0.9.9,2006-07-22T11:01:14Z[GMT],jline,jline,0.9.91,2007-03-13T18:18:42Z[GMT]
junit,junit,3.8.2,2006-03-03T23:22:26Z[GMT],junit,junit,4.4,2007-07-19T14:13:36Z[GMT],org.appfuse,appfuse-struts,2.0-m5,2016-08-10T15:08:35Z[GMT],org.appfuse,appfuse-struts,2.0-rc1,2016-08-10T15:08:35Z[GMT]
junit,junit,3.8.2,2006-03-03T23:22:26Z[GMT],junit,junit,4.4,2007-07-19T14:13:36Z[GMT],org.appfuse,appfuse-web,2.0-m5,2016-08-10T15:08:35Z[GMT],org.appfuse,appfuse-web,2.0-rc1,2016-08-10T15:08:35Z[GMT]
junit,junit,3.8.2,2006-03-03T23:22:26Z[GMT],junit,junit,4.4,2007-07-19T14:13:36Z[GMT],org.specs,specs,1.1.2,2008-11-24T23:32:27Z[GMT],org.specs,specs,1.1.3,2008-11-24T23:32:37Z[GMT]
junit,junit,3.8.2,2006-03-03T23:22:26Z[GMT],junit,junit,4.4,2007-07-19T14:13:36Z[GMT],org.apache.axis2,axis2-transport-testkit,1.0.0,2009-12-18T11:25:56Z[GMT],org.apache.axis2,axis2-transport-testkit,1.6.4,2015-12-28T22:02:37Z[GMT]
junit,junit,3.8.2,2006-03-03T23:22:26Z[GMT],junit,junit,4.4,2007-07-19T14:13:36Z[GMT],jline,jline,0.9.93,2007-11-13T22:16:44Z[GMT],jline,jline,0.9.94,2008-02-22T19:53:43Z[GMT]
junit,junit,3.8.2,2006-03-03T23:22:26Z[GMT],junit,junit,4.4,2007-07-19T14:13:36Z[GMT],org.codehaus.groovy,groovy,1.6-beta-2,2008-10-10T11:11:08Z[GMT],org.codehaus.groovy,groovy,1.6-RC-1,2008-12-22T14:02:46Z[GMT]
junit,junit,3.8.2,2006-03-03T23:22:26Z[GMT],junit,junit,4.4,2007-07-19T14:13:36Z[GMT],org.codehaus.groovy,groovy-all,1.6.3,2009-05-13T14:32:47Z[GMT],org.codehaus.groovy,groovy-all,1.6.4,2009-07-31T16:57:53Z[GMT]
junit,junit,3.8.2,2006-03-03T23:22:26Z[GMT],junit,junit,4.4,2007-07-19T14:13:36Z[GMT],jline,jline,0.9.9,2006-07-22T11:01:14Z[GMT],jline,jline,0.9.91,2007-03-13T18:18:42Z[GMT]
junit,junit,3.8.2,2006-03-03T23:22:26Z[GMT],junit,junit,4.4,2007-07-19T14:13:36Z[GMT],org.appfuse,appfuse,2.0-m5,2016-08-10T15:08:35Z[GMT],org.appfuse,appfuse,2.0-rc1,2016-08-10T15:08:35Z[GMT]
junit,junit,3.8.2,2006-03-03T23:22:26Z[GMT],junit,junit,4.4,2007-07-19T14:13:36Z[GMT],org.appfuse,appfuse-archetypes,2.0-m5,2016-08-10T15:08:35Z[GMT],org.appfuse,appfuse-archetypes,2.0-rc1,2016-08-10T15:08:35Z[GMT]
junit,junit,3.8.2,2006-03-03T23:22:26Z[GMT],junit,junit,4.4,2007-07-19T14:13:36Z[GMT],org.appfuse,appfuse-data,2.0-m5,2016-08-10T15:08:35Z[GMT],org.appfuse,appfuse-data,2.0-rc1,2016-08-10T15:08:35Z[GMT]
junit,junit,3.8.2,2006-03-03T23:22:26Z[GMT],junit,junit,4.4,2007-07-19T14:13:36Z[GMT],org.appfuse,appfuse-data-common,2.0-m5,2009-01-29T03:52:59Z[GMT],org.appfuse,appfuse-data-common,2.0-rc1,2007-09-04T05:39:52Z[GMT]
junit,junit,3.8.2,2006-03-03T23:22:26Z[GMT],junit,junit,4.4,2007-07-19T14:13:36Z[GMT],org.appfuse,appfuse-hibernate,2.0-m5,2009-01-29T03:49:26Z[GMT],org.appfuse,appfuse-hibernate,2.0-rc1,2007-09-04T05:40:28Z[GMT]
junit,junit,3.8.2,2006-03-03T23:22:26Z[GMT],junit,junit,4.4,2007-07-19T14:13:36Z[GMT],org.appfuse,appfuse-ibatis,2.0-m5,2009-01-29T04:00:29Z[GMT],org.appfuse,appfuse-ibatis,2.0-rc1,2007-09-04T05:41:05Z[GMT]
junit,junit,3.8.2,2006-03-03T23:22:26Z[GMT],junit,junit,4.4,2007-07-19T14:13:36Z[GMT],org.appfuse,appfuse-plugins,2.0-m5,2016-08-10T15:08:35Z[GMT],org.appfuse,appfuse-plugins,2.0-rc1,2016-08-10T15:08:35Z[GMT]
junit,junit,3.8.2,2006-03-03T23:22:26Z[GMT],junit,junit,4.4,2007-07-19T14:13:36Z[GMT],org.appfuse,appfuse-service,2.0-m5,2009-01-29T03:55:35Z[GMT],org.appfuse,appfuse-service,2.0-rc1,2007-09-04T05:42:40Z[GMT]
junit,junit,3.8.2,2006-03-03T23:22:26Z[GMT],junit,junit,4.4,2007-07-19T14:13:36Z[GMT],org.appfuse,appfuse-spring,2.0-m5,2016-08-10T15:08:35Z[GMT],org.appfuse,appfuse-spring,2.0-rc1,2016-08-10T15:08:35Z[GMT]
junit,junit,3.8.2,2006-03-03T23:22:26Z[GMT],junit,junit,4.4,2007-07-19T14:13:36Z[GMT],org.appfuse,appfuse-web-common,2.0-m5,2016-08-10T15:08:35Z[GMT],org.appfuse,appfuse-web-common,2.0-rc1,2016-08-10T15:08:35Z[GMT]
junit,junit,3.8.2,2006-03-03T23:22:26Z[GMT],junit,junit,4.4,2007-07-19T14:13:36Z[GMT],org.codehaus.castor,castor-testsuite-xml-framework,1.3.0.1,2009-09-06T18:30:52Z[GMT],org.codehaus.castor,castor-testsuite-xml-framework,1.3.1,2010-01-03T20:45:13Z[GMT]
junit,junit,3.8.2,2006-03-03T23:22:26Z[GMT],junit,junit,4.4,2007-07-19T14:13:36Z[GMT],org.codehaus.plexus,plexus-component-annotations,1.0-beta-3.0.5,2009-01-21T19:16:30Z[GMT],org.codehaus.plexus,plexus-component-annotations,1.0-beta-3.0.6,2009-02-10T23:51:33Z[GMT]
junit,junit,3.8.2,2006-03-03T23:22:26Z[GMT],junit,junit,4.4,2007-07-19T14:13:36Z[GMT],org.codehaus.plexus,plexus-component-annotations,1.0-beta-3.0.4,2009-01-12T00:55:51Z[GMT],org.codehaus.plexus,plexus-component-annotations,1.0-beta-3.0.5,2009-01-21T19:16:30Z[GMT]
junit,junit,3.8.2,2006-03-03T23:22:26Z[GMT],junit,junit,4.4,2007-07-19T14:13:36Z[GMT],org.codehaus.groovy,groovy-all,1.5.5,2008-04-14T16:45:18Z[GMT],org.codehaus.groovy,groovy-all,1.5.6,2008-04-25T15:37:20Z[GMT]
junit,junit,3.8.2,2006-03-03T23:22:26Z[GMT],junit,junit,4.4,2007-07-19T14:13:36Z[GMT],org.codehaus.plexus,plexus-container-default,1.0-alpha-8,2005-10-12T00:38:30Z[GMT],org.codehaus.plexus,plexus-container-default,1.0-alpha-9,2005-12-07T23:35:14Z[GMT]
junit,junit,3.8.2,2006-03-03T23:22:26Z[GMT],junit,junit,4.4,2007-07-19T14:13:36Z[GMT],org.codehaus.plexus,plexus-container-default,1.0-alpha-9,2005-12-07T23:35:14Z[GMT],org.codehaus.plexus,plexus-container-default,1.0-alpha-9-stable-1,2007-03-11T01:49:21Z[GMT]
junit,junit,3.8.2,2006-03-03T23:22:26Z[GMT],junit,junit,4.4,2007-07-19T14:13:36Z[GMT],org.codehaus.plexus,plexus-container-default,1.0-alpha-47,2008-05-28T23:37:14Z[GMT],org.codehaus.plexus,plexus-container-default,1.0-alpha-48,2008-06-12T19:26:32Z[GMT]
junit,junit,3.8.2,2006-03-03T23:22:26Z[GMT],junit,junit,4.4,2007-07-19T14:13:36Z[GMT],org.codehaus.groovy,groovy-all,1.6.2,2009-04-24T20:56:18Z[GMT],org.codehaus.groovy,groovy-all,1.6.3,2009-05-13T14:32:47Z[GMT]
junit,junit,3.8.2,2006-03-03T23:22:26Z[GMT],junit,junit,4.4,2007-07-19T14:13:36Z[GMT],org.apache.camel,camel-bundle,2.0-M2,2009-06-12T10:00:22Z[GMT],org.apache.camel,camel-bundle,2.0-M3,2009-07-20T02:31:26Z[GMT]
junit,junit,3.8.2,2006-03-03T23:22:26Z[GMT],junit,junit,4.5,2008-08-08T19:30:10Z[GMT],org.apache.geronimo.testsupport,testsupport-commands,2.2.1,2010-12-03T10:05:36Z[GMT],org.apache.geronimo.testsupport,testsupport-commands,3.0-beta-1,2011-11-07T04:14:17Z[GMT]
junit,junit,3.8.2,2006-03-03T23:22:26Z[GMT],junit,junit,4.5,2008-08-08T19:30:10Z[GMT],org.sonatype.plexus,plexus-ldap-testsuite,1.4,2010-11-25T14:21:12Z[GMT],org.sonatype.plexus,plexus-ldap-testsuite,1.5,2012-09-10T01:00:57Z[GMT]
junit,junit,3.8.2,2006-03-03T23:22:26Z[GMT],junit,junit,4.5,2008-08-08T19:30:10Z[GMT],jline,jline,0.9.93,2007-11-13T22:16:44Z[GMT],jline,jline,0.9.94,2008-02-22T19:53:43Z[GMT]
junit,junit,3.8.2,2006-03-03T23:22:26Z[GMT],junit,junit,4.5,2008-08-08T19:30:10Z[GMT],org.codehaus.groovy,groovy,1.6.1,2009-04-07T15:41Z[GMT],org.codehaus.groovy,groovy,1.6.2,2009-04-24T20:54:17Z[GMT]
junit,junit,3.8.2,2006-03-03T23:22:26Z[GMT],junit,junit,4.5,2008-08-08T19:30:10Z[GMT],org.codehaus.plexus,plexus-container-default,1.0-alpha-8,2005-10-12T00:38:30Z[GMT],org.codehaus.plexus,plexus-container-default,1.0-alpha-9,2005-12-07T23:35:14Z[GMT]
junit,junit,3.8.2,2006-03-03T23:22:26Z[GMT],junit,junit,4.5,2008-08-08T19:30:10Z[GMT],org.codehaus.plexus,plexus-container-default,1.1.0,2009-08-07T14:56:59Z[GMT],org.codehaus.plexus,plexus-container-default,1.2.0,2009-08-20T17:47:49Z[GMT]
junit,junit,3.8.2,2006-03-03T23:22:26Z[GMT],junit,junit,4.5,2008-08-08T19:30:10Z[GMT],org.sonatype.nexus,nexus-test-harness-launcher,1.6.1,2010-05-14T22:04:55Z[GMT],org.sonatype.nexus,nexus-test-harness-launcher,1.7.0,2010-06-12T06:00:57Z[GMT]
junit,junit,3.8.2,2006-03-03T23:22:26Z[GMT],junit,junit,4.5,2008-08-08T19:30:10Z[GMT],org.sonatype.nexus,nexus-test-harness-launcher,1.7.1,2010-07-02T03:07:25Z[GMT],org.sonatype.nexus,nexus-test-harness-launcher,1.7.2,2010-08-14T00:32:45Z[GMT]
junit,junit,3.8.2,2006-03-03T23:22:26Z[GMT],junit,junit,4.5,2008-08-08T19:30:10Z[GMT],org.codehaus.plexus,plexus-container-default,1.0-alpha-48,2008-06-12T19:26:32Z[GMT],org.codehaus.plexus,plexus-container-default,1.0-beta-1,2008-09-30T00:34:41Z[GMT]
junit,junit,3.8.2,2006-03-03T23:22:26Z[GMT],junit,junit,4.5,2008-08-08T19:30:10Z[GMT],org.sonatype.plexus,plexus-ldap-testsuite,1.3,2010-05-10T16:52:57Z[GMT],org.sonatype.plexus,plexus-ldap-testsuite,1.4,2010-11-25T14:21:12Z[GMT]
junit,junit,3.8.2,2006-03-03T23:22:26Z[GMT],junit,junit,4.5,2008-08-08T19:30:10Z[GMT],org.codehaus.plexus,plexus-container-default,1.0-beta-2,2008-11-25T05:51:19Z[GMT],org.codehaus.plexus,plexus-container-default,1.0-beta-3.0.1,2008-12-01T04:22:19Z[GMT]
junit,junit,3.8.2,2006-03-03T23:22:26Z[GMT],junit,junit,4.5,2008-08-08T19:30:10Z[GMT],org.codehaus.plexus,plexus-component-annotations,1.1,2009-08-07T14:48:48Z[GMT],org.codehaus.plexus,plexus-component-annotations,1.2.0,2009-08-20T17:47:35Z[GMT]
junit,junit,3.8.2,2006-03-03T23:22:26Z[GMT],junit,junit,4.5,2008-08-08T19:30:10Z[GMT],org.codehaus.plexus,plexus-container-default,1.0-beta-3.0.4,2009-01-12T00:56:05Z[GMT],org.codehaus.plexus,plexus-container-default,1.0-beta-3.0.5,2009-01-21T19:16:53Z[GMT]
junit,junit,3.8.2,2006-03-03T23:22:26Z[GMT],junit,junit,4.5,2008-08-08T19:30:10Z[GMT],org.codehaus.plexus,plexus-container-default,1.5.2,2009-12-01T00:04:48Z[GMT],org.codehaus.plexus,plexus-container-default,1.5.3,2010-01-24T21:24:14Z[GMT]
junit,junit,3.8.2,2006-03-03T23:22:26Z[GMT],junit,junit,4.5,2008-08-08T19:30:10Z[GMT],org.codehaus.plexus,plexus-component-annotations,1.0-beta-2,2008-11-25T05:51:08Z[GMT],org.codehaus.plexus,plexus-component-annotations,1.0-beta-3.0.1,2008-12-01T04:22:08Z[GMT]
junit,junit,3.8.2,2006-03-03T23:22:26Z[GMT],junit,junit,4.5,2008-08-08T19:30:10Z[GMT],org.codehaus.plexus,plexus-component-annotations,1.0-beta-3.0.4,2009-01-12T00:55:51Z[GMT],org.codehaus.plexus,plexus-component-annotations,1.0-beta-3.0.5,2009-01-21T19:16:30Z[GMT]
junit,junit,3.8.2,2006-03-03T23:22:26Z[GMT],junit,junit,4.5,2008-08-08T19:30:10Z[GMT],org.codehaus.plexus,plexus-container-default,1.0-beta-3.0.5,2009-01-21T19:16:53Z[GMT],org.codehaus.plexus,plexus-container-default,1.0-beta-3.0.6,2009-02-10T23:51:44Z[GMT]
junit,junit,3.8.2,2006-03-03T23:22:26Z[GMT],junit,junit,4.5,2008-08-08T19:30:10Z[GMT],org.codehaus.plexus,plexus-component-annotations,1.0-beta-3.0.7,2009-05-13T15:29:10Z[GMT],org.codehaus.plexus,plexus-component-annotations,1.0.0,2009-06-19T14:06:43Z[GMT]
junit,junit,3.8.2,2006-03-03T23:22:26Z[GMT],junit,junit,4.5,2008-08-08T19:30:10Z[GMT],org.codehaus.plexus,plexus-container-default,1.5.4,2010-01-30T22:50:02Z[GMT],org.codehaus.plexus,plexus-container-default,1.5.5,2010-09-30T20:15:28Z[GMT]
junit,junit,3.8.2,2006-03-03T23:22:26Z[GMT],junit,junit,4.5,2008-08-08T19:30:10Z[GMT],org.codehaus.groovy,groovy-all,1.6-RC-3,2009-02-09T00:55:22Z[GMT],org.codehaus.groovy,groovy-all,1.6.0,2009-02-18T16:46:34Z[GMT]
junit,junit,3.8.2,2006-03-03T23:22:26Z[GMT],junit,junit,4.5,2008-08-08T19:30:10Z[GMT],org.apache.geronimo.testsupport,testsupport-selenium,2.2.1,2010-12-03T09:50:42Z[GMT],org.apache.geronimo.testsupport,testsupport-selenium,3.0-M1,2010-06-09T17:15:31Z[GMT]
junit,junit,3.8.2,2006-03-03T23:22:26Z[GMT],junit,junit,4.5,2008-08-08T19:30:10Z[GMT],org.codehaus.plexus,plexus-container-default,1.0-alpha-9,2005-12-07T23:35:14Z[GMT],org.codehaus.plexus,plexus-container-default,1.0-alpha-9-stable-1,2007-03-11T01:49:21Z[GMT]
junit,junit,3.8.2,2006-03-03T23:22:26Z[GMT],junit,junit,4.5,2008-08-08T19:30:10Z[GMT],org.codehaus.groovy,groovy-all,1.5.5,2008-04-14T16:45:18Z[GMT],org.codehaus.groovy,groovy-all,1.5.6,2008-04-25T15:37:20Z[GMT]
junit,junit,3.8.2,2006-03-03T23:22:26Z[GMT],junit,junit,4.5,2008-08-08T19:30:10Z[GMT],org.dbunit,dbunit,2.4.6,2009-09-20T15:17:19Z[GMT],org.dbunit,dbunit,2.4.7,2009-11-15T09:35:51Z[GMT]
junit,junit,3.8.2,2006-03-03T23:22:26Z[GMT],junit,junit,4.5,2008-08-08T19:30:10Z[GMT],com.opensymphony,xwork,2.1.1,2008-04-01T10:16:03Z[GMT],com.opensymphony,xwork,2.1.2,2008-12-21T16:13:50Z[GMT]
junit,junit,3.8.2,2006-03-03T23:22:26Z[GMT],junit,junit,4.5,2008-08-08T19:30:10Z[GMT],org.codehaus.groovy,groovy-all,1.6.2,2009-04-24T20:56:18Z[GMT],org.codehaus.groovy,groovy-all,1.6.3,2009-05-13T14:32:47Z[GMT]
junit,junit,3.8.2,2006-03-03T23:22:26Z[GMT],junit,junit,4.5,2008-08-08T19:30:10Z[GMT],org.antlr,gunit,1.0.4,2009-02-18T02:29Z[GMT],org.antlr,gunit,1.0.5,2009-02-21T20:24:40Z[GMT]
junit,junit,3.8.2,2006-03-03T23:22:26Z[GMT],junit,junit,4.6,2009-05-09T19:38:32Z[GMT],org.jboss.jbossas,jboss-as-jbossas-remoting,6.0.0.M1,2009-12-02T19:06Z[GMT],org.jboss.jbossas,jboss-as-jbossas-remoting,6.0.0.Final,2010-12-28T13:18:10Z[GMT]
junit,junit,3.8.2,2006-03-03T23:22:26Z[GMT],junit,junit,4.6,2009-05-09T19:38:32Z[GMT],org.jboss.jbossas,jboss-as-jbossas-remoting,6.0.0.20100216-M2,2010-02-16T20:22:44Z[GMT],org.jboss.jbossas,jboss-as-jbossas-remoting,6.0.0.20100721-M4,2010-07-23T21:55:16Z[GMT]
junit,junit,3.8.2,2006-03-03T23:22:26Z[GMT],junit,junit,4.6,2009-05-09T19:38:32Z[GMT],org.jboss.jbossas,jboss-as-aspects,6.0.0.M1,2009-12-02T19:06Z[GMT],org.jboss.jbossas,jboss-as-aspects,6.0.0.Final,2010-12-28T13:09:51Z[GMT]
junit,junit,3.8.2,2006-03-03T23:22:26Z[GMT],junit,junit,4.6,2009-05-09T19:38:32Z[GMT],org.jboss.jbossas,jboss-as-aspects,6.0.0.20100216-M2,2010-02-16T20:22:44Z[GMT],org.jboss.jbossas,jboss-as-aspects,6.0.0.20100721-M4,2010-07-23T21:47:05Z[GMT]
junit,junit,3.8.2,2006-03-03T23:22:26Z[GMT],junit,junit,4.6,2009-05-09T19:38:32Z[GMT],org.jboss.jbossas,jboss-as-jmx,5.1.0.CR1,2009-04-29T19:50:16Z[GMT],org.jboss.jbossas,jboss-as-jmx,5.1.0.GA,2009-05-23T22:37:21Z[GMT]
junit,junit,3.8.2,2006-03-03T23:22:26Z[GMT],junit,junit,4.6,2009-05-09T19:38:32Z[GMT],org.dbunit,dbunit,2.4.6,2009-09-20T15:17:19Z[GMT],org.dbunit,dbunit,2.4.7,2009-11-15T09:35:51Z[GMT]
junit,junit,3.8.2,2006-03-03T23:22:26Z[GMT],junit,junit,4.6,2009-05-09T19:38:32Z[GMT],org.codehaus.groovy,groovy,1.6.2,2009-04-24T20:54:17Z[GMT],org.codehaus.groovy,groovy,1.6.3,2009-05-13T14:27:12Z[GMT]
junit,junit,3.8.2,2006-03-03T23:22:26Z[GMT],junit,junit,4.6,2009-05-09T19:38:32Z[GMT],org.apache.camel,camel-test,2.0-M2,2009-06-12T08:42:37Z[GMT],org.apache.camel,camel-test,2.0-M3,2009-07-20T01:20:15Z[GMT]
junit,junit,3.8.2,2006-03-03T23:22:26Z[GMT],junit,junit,4.6,2009-05-09T19:38:32Z[GMT],org.codehaus.plexus,plexus-container-default,1.0-alpha-8,2005-10-12T00:38:30Z[GMT],org.codehaus.plexus,plexus-container-default,1.0-alpha-9,2005-12-07T23:35:14Z[GMT]
junit,junit,3.8.2,2006-03-03T23:22:26Z[GMT],junit,junit,4.6,2009-05-09T19:38:32Z[GMT],org.codehaus.plexus,plexus-container-default,1.0-alpha-9,2005-12-07T23:35:14Z[GMT],org.codehaus.plexus,plexus-container-default,1.0-alpha-9-stable-1,2007-03-11T01:49:21Z[GMT]
junit,junit,3.8.2,2006-03-03T23:22:26Z[GMT],junit,junit,4.6,2009-05-09T19:38:32Z[GMT],org.codehaus.plexus,plexus-container-default,1.5.4,2010-01-30T22:50:02Z[GMT],org.codehaus.plexus,plexus-container-default,1.5.5,2010-09-30T20:15:28Z[GMT]
junit,junit,3.8.2,2006-03-03T23:22:26Z[GMT],junit,junit,4.6,2009-05-09T19:38:32Z[GMT],org.codehaus.groovy,groovy-all,1.6.9,2010-06-16T09:17:13Z[GMT],org.codehaus.groovy,groovy-all,1.7-beta-1,2009-07-31T17:06:04Z[GMT]
junit,junit,3.8.2,2006-03-03T23:22:26Z[GMT],junit,junit,4.6,2009-05-09T19:38:32Z[GMT],org.codehaus.groovy,groovy,1.6.9,2010-06-16T09:15:19Z[GMT],org.codehaus.groovy,groovy,1.7-beta-1,2009-07-31T17:03:54Z[GMT]
junit,junit,3.8.2,2006-03-03T23:22:26Z[GMT],junit,junit,4.6,2009-05-09T19:38:32Z[GMT],jline,jline,0.9.9,2006-07-22T11:01:14Z[GMT],jline,jline,0.9.91,2007-03-13T18:18:42Z[GMT]
junit,junit,3.8.2,2006-03-03T23:22:26Z[GMT],junit,junit,4.6,2009-05-09T19:38:32Z[GMT],org.codehaus.groovy,groovy-all,1.6.3,2009-05-13T14:32:47Z[GMT],org.codehaus.groovy,groovy-all,1.6.4,2009-07-31T16:57:53Z[GMT]
junit,junit,3.8.2,2006-03-03T23:22:26Z[GMT],junit,junit,4.7,2009-08-12T15:54:07Z[GMT],org.jboss.jbossas,jboss-as-embedded,5.0.1.GA,2009-02-24T04:57:31Z[GMT],org.jboss.jbossas,jboss-as-embedded,6.0.0.Final,2010-12-28T13:29:56Z[GMT]
junit,junit,3.8.2,2006-03-03T23:22:26Z[GMT],junit,junit,4.7,2009-08-12T15:54:07Z[GMT],jline,jline,0.9.93,2007-11-13T22:16:44Z[GMT],jline,jline,0.9.94,2008-02-22T19:53:43Z[GMT]
junit,junit,3.8.2,2006-03-03T23:22:26Z[GMT],junit,junit,4.7,2009-08-12T15:54:07Z[GMT],org.codehaus.plexus,plexus-container-default,1.0-alpha-8,2005-10-12T00:38:30Z[GMT],org.codehaus.plexus,plexus-container-default,1.0-alpha-9,2005-12-07T23:35:14Z[GMT]
junit,junit,3.8.2,2006-03-03T23:22:26Z[GMT],junit,junit,4.7,2009-08-12T15:54:07Z[GMT],org.codehaus.groovy,groovy,1.6.4,2009-07-31T16:55:43Z[GMT],org.codehaus.groovy,groovy,1.6.5,2009-10-02T10:42:41Z[GMT]
junit,junit,3.8.2,2006-03-03T23:22:26Z[GMT],junit,junit,4.7,2009-08-12T15:54:07Z[GMT],org.jomc.logging,jomc-logging-it,1.0-alpha-6,2009-11-19T02:13:06Z[GMT],org.jomc.logging,jomc-logging-it,1.0-alpha-8,2010-01-16T16:25:17Z[GMT]
junit,junit,3.8.2,2006-03-03T23:22:26Z[GMT],junit,junit,4.7,2009-08-12T15:54:07Z[GMT],org.codehaus.plexus,plexus-container-default,1.0-alpha-9,2005-12-07T23:35:14Z[GMT],org.codehaus.plexus,plexus-container-default,1.0-alpha-9-stable-1,2007-03-11T01:49:21Z[GMT]
junit,junit,3.8.2,2006-03-03T23:22:26Z[GMT],junit,junit,4.7,2009-08-12T15:54:07Z[GMT],org.apache.servicemix.bundles,org.apache.servicemix.bundles.groovy,1.5.6_3,2009-10-22T09:01:01Z[GMT],org.apache.servicemix.bundles,org.apache.servicemix.bundles.groovy,1.5.6_4,2010-08-25T13:05:05Z[GMT]
junit,junit,3.8.2,2006-03-03T23:22:26Z[GMT],junit,junit,4.7,2009-08-12T15:54:07Z[GMT],org.codehaus.groovy,groovy-all,1.5.5,2008-04-14T16:45:18Z[GMT],org.codehaus.groovy,groovy-all,1.5.6,2008-04-25T15:37:20Z[GMT]
junit,junit,3.8.2,2006-03-03T23:22:26Z[GMT],junit,junit,4.7,2009-08-12T15:54:07Z[GMT],org.codehaus.groovy,groovy-all,1.6.2,2009-04-24T20:56:18Z[GMT],org.codehaus.groovy,groovy-all,1.6.3,2009-05-13T14:32:47Z[GMT]
junit,junit,3.8.2,2006-03-03T23:22:26Z[GMT],junit,junit,4.7,2009-08-12T15:54:07Z[GMT],net.sourceforge.jwebunit,jwebunit-core,2.2,2009-05-15T09:57:48Z[GMT],net.sourceforge.jwebunit,jwebunit-core,2.3,2010-03-03T21:03:01Z[GMT]
junit,junit,3.8.2,2006-03-03T23:22:26Z[GMT],junit,junit,4.7,2009-08-12T15:54:07Z[GMT],net.sourceforge.jwebunit,jwebunit-commons-tests,2.2,2009-05-15T09:58:31Z[GMT],net.sourceforge.jwebunit,jwebunit-commons-tests,2.3,2010-03-03T21:04:26Z[GMT]
junit,junit,3.8.2,2006-03-03T23:22:26Z[GMT],junit,junit,4.8,2010-10-05T08:50:56Z[GMT],org.codehaus.plexus,plexus-container-default,1.0-alpha-8,2005-10-12T00:38:30Z[GMT],org.codehaus.plexus,plexus-container-default,1.0-alpha-9,2005-12-07T23:35:14Z[GMT]
junit,junit,3.8.2,2006-03-03T23:22:26Z[GMT],junit,junit,4.8.1,2010-02-25T00:21:58Z[GMT],org.codehaus.mojo,gwt-maven-plugin,2.1.0,2010-11-02T15:38:49Z[GMT],org.codehaus.mojo,gwt-maven-plugin,2.1.0-1,2010-12-03T20:19:51Z[GMT]
junit,junit,3.8.2,2006-03-03T23:22:26Z[GMT],junit,junit,4.8.1,2010-02-25T00:21:58Z[GMT],org.codehaus.plexus,plexus-container-default,1.0-alpha-8,2005-10-12T00:38:30Z[GMT],org.codehaus.plexus,plexus-container-default,1.0-alpha-9,2005-12-07T23:35:14Z[GMT]
junit,junit,3.8.2,2006-03-03T23:22:26Z[GMT],junit,junit,4.8.1,2010-02-25T00:21:58Z[GMT],org.dbunit,dbunit,2.4.8,2010-09-01T22:00:52Z[GMT],org.dbunit,dbunit,2.4.9,2012-09-30T17:21:03Z[GMT]
junit,junit,3.8.2,2006-03-03T23:22:26Z[GMT],junit,junit,4.8.1,2010-02-25T00:21:58Z[GMT],org.testng,testng,5.8,2010-07-17T13:36:11Z[GMT],org.testng,testng,5.9,2010-07-17T13:36:11Z[GMT]
junit,junit,3.8.2,2006-03-03T23:22:26Z[GMT],junit,junit,4.8.1,2010-02-25T00:21:58Z[GMT],jline,jline,0.9.93,2007-11-13T22:16:44Z[GMT],jline,jline,0.9.94,2008-02-22T19:53:43Z[GMT]
junit,junit,3.8.2,2006-03-03T23:22:26Z[GMT],junit,junit,4.8.1,2010-02-25T00:21:58Z[GMT],org.grails,grails-scripts,1.2.5,2010-10-11T13:49:29Z[GMT],org.grails,grails-scripts,1.3.0,2010-05-11T15:20:43Z[GMT]
junit,junit,3.8.2,2006-03-03T23:22:26Z[GMT],junit,junit,4.8.1,2010-02-25T00:21:58Z[GMT],org.codehaus.plexus,plexus-container-default,1.5.3,2010-01-24T21:24:14Z[GMT],org.codehaus.plexus,plexus-container-default,1.5.4,2010-01-30T22:50:02Z[GMT]
junit,junit,3.8.2,2006-03-03T23:22:26Z[GMT],junit,junit,4.8.1,2010-02-25T00:21:58Z[GMT],org.codehaus.plexus,plexus-component-annotations,1.5.0,2009-11-06T18:37:27Z[GMT],org.codehaus.plexus,plexus-component-annotations,1.5.1,2009-11-11T17:15:20Z[GMT]
junit,junit,3.8.2,2006-03-03T23:22:26Z[GMT],junit,junit,4.8.1,2010-02-25T00:21:58Z[GMT],org.dbunit,dbunit,2.4.6,2009-09-20T15:17:19Z[GMT],org.dbunit,dbunit,2.4.7,2009-11-15T09:35:51Z[GMT]
junit,junit,3.8.2,2006-03-03T23:22:26Z[GMT],junit,junit,4.8.1,2010-02-25T00:21:58Z[GMT],org.codehaus.plexus,plexus-container-default,1.5.4,2010-01-30T22:50:02Z[GMT],org.codehaus.plexus,plexus-container-default,1.5.5,2010-09-30T20:15:28Z[GMT]
junit,junit,3.8.2,2006-03-03T23:22:26Z[GMT],junit,junit,4.8.1,2010-02-25T00:21:58Z[GMT],org.codehaus.plexus,plexus-container-default,1.0-alpha-9,2005-12-07T23:35:14Z[GMT],org.codehaus.plexus,plexus-container-default,1.0-alpha-9-stable-1,2007-03-11T01:49:21Z[GMT]
junit,junit,3.8.2,2006-03-03T23:22:26Z[GMT],junit,junit,4.8.1,2010-02-25T00:21:58Z[GMT],org.codehaus.plexus,plexus-container-default,1.0-alpha-47,2008-05-28T23:37:14Z[GMT],org.codehaus.plexus,plexus-container-default,1.0-alpha-48,2008-06-12T19:26:32Z[GMT]
junit,junit,3.8.2,2006-03-03T23:22:26Z[GMT],junit,junit,4.8.2,2010-10-05T08:51:28Z[GMT],jline,jline,0.9.93,2007-11-13T22:16:44Z[GMT],jline,jline,0.9.94,2008-02-22T19:53:43Z[GMT]
junit,junit,3.8.2,2006-03-03T23:22:26Z[GMT],junit,junit,4.8.2,2010-10-05T08:51:28Z[GMT],org.codehaus.plexus,plexus-component-api,1.0-alpha-32,2007-08-28T05:50:40Z[GMT],org.codehaus.plexus,plexus-component-api,1.0-alpha-33,2007-10-16T19:52:53Z[GMT]
junit,junit,3.8.2,2006-03-03T23:22:26Z[GMT],junit,junit,4.8.2,2010-10-05T08:51:28Z[GMT],org.codehaus.plexus,plexus-container-default,1.0-beta-3.0.4,2009-01-12T00:56:05Z[GMT],org.codehaus.plexus,plexus-container-default,1.0-beta-3.0.5,2009-01-21T19:16:53Z[GMT]
junit,junit,3.8.2,2006-03-03T23:22:26Z[GMT],junit,junit,4.8.2,2010-10-05T08:51:28Z[GMT],org.codehaus.groovy,groovy-all,1.6.8,2010-02-19T15:07:45Z[GMT],org.codehaus.groovy,groovy-all,1.6.9,2010-06-16T09:17:13Z[GMT]
junit,junit,3.8.2,2006-03-03T23:22:26Z[GMT],junit,junit,4.8.2,2010-10-05T08:51:28Z[GMT],org.codehaus.groovy,groovy-all,1.6.1,2009-04-07T15:43Z[GMT],org.codehaus.groovy,groovy-all,1.6.2,2009-04-24T20:56:18Z[GMT]
junit,junit,3.8.2,2006-03-03T23:22:26Z[GMT],junit,junit,4.8.2,2010-10-05T08:51:28Z[GMT],org.codehaus.groovy,groovy-all,1.6.3,2009-05-13T14:32:47Z[GMT],org.codehaus.groovy,groovy-all,1.6.4,2009-07-31T16:57:53Z[GMT]
junit,junit,3.8.2,2006-03-03T23:22:26Z[GMT],junit,junit,4.8.2,2010-10-05T08:51:28Z[GMT],org.codehaus.castor,castor-maven-plugins,1.3,2009-02-10T09:22:40Z[GMT],org.codehaus.castor,castor-maven-plugins,1.3.2,2011-05-24T09:46:30Z[GMT]
junit,junit,3.8.2,2006-03-03T23:22:26Z[GMT],junit,junit,4.8.2,2010-10-05T08:51:28Z[GMT],org.dbunit,dbunit,2.4.7,2009-11-15T09:35:51Z[GMT],org.dbunit,dbunit,2.4.8,2010-09-01T22:00:52Z[GMT]
junit,junit,3.8.2,2006-03-03T23:22:26Z[GMT],junit,junit,4.8.2,2010-10-05T08:51:28Z[GMT],org.sonatype.sisu.inject,guice-bean-containers,1.4.3.2,2010-12-15T15:50:12Z[GMT],org.sonatype.sisu.inject,guice-bean-containers,2.0.0,2011-01-20T16:29:20Z[GMT]
junit,junit,3.8.2,2006-03-03T23:22:26Z[GMT],junit,junit,4.8.2,2010-10-05T08:51:28Z[GMT],org.sonatype.sisu.inject,guice-plexus-shim,1.4.3.2,2010-12-15T15:53:57Z[GMT],org.sonatype.sisu.inject,guice-plexus-shim,2.0.0,2011-01-20T16:31:57Z[GMT]
junit,junit,3.8.2,2006-03-03T23:22:26Z[GMT],junit,junit,4.8.2,2010-10-05T08:51:28Z[GMT],org.codehaus.plexus,plexus-container-default,1.0-alpha-8,2005-10-12T00:38:30Z[GMT],org.codehaus.plexus,plexus-container-default,1.0-alpha-9,2005-12-07T23:35:14Z[GMT]
junit,junit,3.8.2,2006-03-03T23:22:26Z[GMT],junit,junit,4.8.2,2010-10-05T08:51:28Z[GMT],org.apache.struts,struts2-junit-plugin,2.2.1,2010-07-17T00:30:23Z[GMT],org.apache.struts,struts2-junit-plugin,2.2.3,2011-04-08T07:01:01Z[GMT]
junit,junit,3.8.2,2006-03-03T23:22:26Z[GMT],junit,junit,4.8.2,2010-10-05T08:51:28Z[GMT],org.apache.struts,struts2-osgi-admin-bundle,2.2.1,2010-07-17T13:03:08Z[GMT],org.apache.struts,struts2-osgi-admin-bundle,2.2.3,2011-04-08T07:22:32Z[GMT]
junit,junit,3.8.2,2006-03-03T23:22:26Z[GMT],junit,junit,4.8.2,2010-10-05T08:51:28Z[GMT],org.apache.struts,struts2-osgi-demo-bundle,2.1.8,2009-09-29T16:27:24Z[GMT],org.apache.struts,struts2-osgi-demo-bundle,2.2.3,2011-04-08T07:22:50Z[GMT]
junit,junit,3.8.2,2006-03-03T23:22:26Z[GMT],junit,junit,4.8.2,2010-10-05T08:51:28Z[GMT],org.apache.struts,struts2-osgi-bundles,2.2.1,2016-08-10T15:08:35Z[GMT],org.apache.struts,struts2-osgi-bundles,2.2.3,2016-08-10T15:08:35Z[GMT]
junit,junit,3.8.2,2006-03-03T23:22:26Z[GMT],junit,junit,4.8.2,2010-10-05T08:51:28Z[GMT],pmd,pmd-jdk14,4.2.4,2008-10-13T17:37:18Z[GMT],pmd,pmd-jdk14,4.2.5,2009-02-09T02:26:11Z[GMT]
junit,junit,3.8.2,2006-03-03T23:22:26Z[GMT],junit,junit,4.8.2,2010-10-05T08:51:28Z[GMT],org.codehaus.plexus,plexus-container-default,1.5.4,2010-01-30T22:50:02Z[GMT],org.codehaus.plexus,plexus-container-default,1.5.5,2010-09-30T20:15:28Z[GMT]
junit,junit,3.8.2,2006-03-03T23:22:26Z[GMT],junit,junit,4.8.2,2010-10-05T08:51:28Z[GMT],org.codehaus.plexus,plexus-container-default,1.0-alpha-9,2005-12-07T23:35:14Z[GMT],org.codehaus.plexus,plexus-container-default,1.0-alpha-9-stable-1,2007-03-11T01:49:21Z[GMT]
junit,junit,3.8.2,2006-03-03T23:22:26Z[GMT],junit,junit,4.8.2,2010-10-05T08:51:28Z[GMT],net.sourceforge.ccxjc,cc-xjc-it,1.2,2009-11-15T22:17:01Z[GMT],net.sourceforge.ccxjc,cc-xjc-it,1.4,2010-12-16T22:48:11Z[GMT]
junit,junit,3.8.2,2006-03-03T23:22:26Z[GMT],junit,junit,4.9,2011-08-22T18:15:37Z[GMT],org.dbunit,dbunit,2.4.7,2009-11-15T09:35:51Z[GMT],org.dbunit,dbunit,2.4.8,2010-09-01T22:00:52Z[GMT]
junit,junit,3.8.2,2006-03-03T23:22:26Z[GMT],junit,junit,4.9,2011-08-22T18:15:37Z[GMT],org.codehaus.plexus,plexus-container-default,1.0-beta-3.0.4,2009-01-12T00:56:05Z[GMT],org.codehaus.plexus,plexus-container-default,1.0-beta-3.0.5,2009-01-21T19:16:53Z[GMT]
junit,junit,3.8.2,2006-03-03T23:22:26Z[GMT],junit,junit,4.9,2011-08-22T18:15:37Z[GMT],pmd,pmd-jdk14,4.2.4,2008-10-13T17:37:18Z[GMT],pmd,pmd-jdk14,4.2.5,2009-02-09T02:26:11Z[GMT]
junit,junit,3.8.2,2006-03-03T23:22:26Z[GMT],junit,junit,4.9,2011-08-22T18:15:37Z[GMT],org.codehaus.groovy,groovy-all,1.6.2,2009-04-24T20:56:18Z[GMT],org.codehaus.groovy,groovy-all,1.6.3,2009-05-13T14:32:47Z[GMT]
junit,junit,3.8.2,2006-03-03T23:22:26Z[GMT],junit,junit,4.9,2011-08-22T18:15:37Z[GMT],org.apache.ws.commons.axiom,axiom-testutils,1.2.12,2011-07-02T13:43:06Z[GMT],org.apache.ws.commons.axiom,axiom-testutils,1.2.13,2012-04-02T20:10:37Z[GMT]
junit,junit,3.8.2,2006-03-03T23:22:26Z[GMT],junit,junit,4.9,2011-08-22T18:15:37Z[GMT],org.apache.ws.commons.axiom,axiom-testsuite,1.2.12,2011-07-02T13:45:49Z[GMT],org.apache.ws.commons.axiom,axiom-testsuite,1.2.13,2012-04-02T20:14:11Z[GMT]
junit,junit,3.8.2,2006-03-03T23:22:26Z[GMT],junit,junit,4.9,2011-08-22T18:15:37Z[GMT],org.apache.ws.commons.axiom,axiom-jaxen-testsuite,1.2.12,2011-07-02T13:43:25Z[GMT],org.apache.ws.commons.axiom,axiom-jaxen-testsuite,1.2.13,2012-04-02T20:10:53Z[GMT]
junit,junit,3.8.2,2006-03-03T23:22:26Z[GMT],junit,junit,4.9,2011-08-22T18:15:37Z[GMT],org.codehaus.plexus,plexus-container-default,1.0-alpha-9,2005-12-07T23:35:14Z[GMT],org.codehaus.plexus,plexus-container-default,1.0-alpha-9-stable-1,2007-03-11T01:49:21Z[GMT]
junit,junit,3.8.2,2006-03-03T23:22:26Z[GMT],junit,junit,4.9,2011-08-22T18:15:37Z[GMT],org.codehaus.plexus,plexus-container-default,1.5.4,2010-01-30T22:50:02Z[GMT],org.codehaus.plexus,plexus-container-default,1.5.5,2010-09-30T20:15:28Z[GMT]
junit,junit,3.8.2,2006-03-03T23:22:26Z[GMT],junit,junit,4.9,2011-08-22T18:15:37Z[GMT],org.codehaus.redback,redback-keys-tests,1.3-M1,2011-05-23T13:28:20Z[GMT],org.codehaus.redback,redback-keys-tests,1.3,2011-10-12T08:37:28Z[GMT]
junit,junit,3.8.2,2006-03-03T23:22:26Z[GMT],junit,junit,4.9,2011-08-22T18:15:37Z[GMT],jline,jline,0.9.93,2007-11-13T22:16:44Z[GMT],jline,jline,0.9.94,2008-02-22T19:53:43Z[GMT]
junit,junit,3.8.2,2006-03-03T23:22:26Z[GMT],junit,junit,4.10,2011-09-29T19:12:15Z[GMT],org.freehep,freehep-graphicsio-swf,2.1.3,2009-11-21T14:03:32Z[GMT],org.freehep,freehep-graphicsio-swf,2.2,2012-10-23T06:53:27Z[GMT]
junit,junit,3.8.2,2006-03-03T23:22:26Z[GMT],junit,junit,4.10,2011-09-29T19:12:15Z[GMT],org.freehep,freehep-graphicsio-tests,2.1.3,2009-11-21T14:02:33Z[GMT],org.freehep,freehep-graphicsio-tests,2.2,2012-10-23T06:51:51Z[GMT]
junit,junit,3.8.2,2006-03-03T23:22:26Z[GMT],junit,junit,4.10,2011-09-29T19:12:15Z[GMT],org.freehep,freehep-graphics2d,2.1.3,2009-11-21T14:01:52Z[GMT],org.freehep,freehep-graphics2d,2.2,2012-10-23T06:50:56Z[GMT]
junit,junit,3.8.2,2006-03-03T23:22:26Z[GMT],junit,junit,4.10,2011-09-29T19:12:15Z[GMT],org.codehaus.plexus,plexus-container-default,1.0-alpha-47,2008-05-28T23:37:14Z[GMT],org.codehaus.plexus,plexus-container-default,1.0-alpha-48,2008-06-12T19:26:32Z[GMT]
junit,junit,3.8.2,2006-03-03T23:22:26Z[GMT],junit,junit,4.10,2011-09-29T19:12:15Z[GMT],org.apache.maven.plugin-testing,maven-plugin-testing-tools,1.2,2008-07-22T18:27:18Z[GMT],org.apache.maven.plugin-testing,maven-plugin-testing-tools,2.0,2012-05-23T11:20:13Z[GMT]
junit,junit,3.8.2,2006-03-03T23:22:26Z[GMT],junit,junit,4.10,2011-09-29T19:12:15Z[GMT],org.apache.maven.plugin-testing,maven-plugin-testing,2.0-alpha-1,2016-08-10T15:08:35Z[GMT],org.apache.maven.plugin-testing,maven-plugin-testing,2.0,2016-08-10T15:08:35Z[GMT]
junit,junit,3.8.2,2006-03-03T23:22:26Z[GMT],junit,junit,4.10,2011-09-29T19:12:15Z[GMT],jline,jline,0.9.93,2007-11-13T22:16:44Z[GMT],jline,jline,0.9.94,2008-02-22T19:53:43Z[GMT]
junit,junit,3.8.2,2006-03-03T23:22:26Z[GMT],junit,junit,4.10,2011-09-29T19:12:15Z[GMT],org.codehaus.plexus,plexus-container-default,1.0-alpha-8,2005-10-12T00:38:30Z[GMT],org.codehaus.plexus,plexus-container-default,1.0-alpha-9,2005-12-07T23:35:14Z[GMT]
junit,junit,3.8.2,2006-03-03T23:22:26Z[GMT],junit,junit,4.10,2011-09-29T19:12:15Z[GMT],org.dbunit,dbunit,2.4.7,2009-11-15T09:35:51Z[GMT],org.dbunit,dbunit,2.4.8,2010-09-01T22:00:52Z[GMT]
junit,junit,3.8.2,2006-03-03T23:22:26Z[GMT],junit,junit,4.10,2011-09-29T19:12:15Z[GMT],org.codehaus.plexus,plexus-container-default,1.5.4,2010-01-30T22:50:02Z[GMT],org.codehaus.plexus,plexus-container-default,1.5.5,2010-09-30T20:15:28Z[GMT]
junit,junit,3.8.2,2006-03-03T23:22:26Z[GMT],junit,junit,4.10,2011-09-29T19:12:15Z[GMT],org.apache.cocoon,cocoon-it-fw,1.0.0-M1,2008-04-07T00:46:33Z[GMT],org.apache.cocoon,cocoon-it-fw,1.0.0,2012-06-08T09:13:31Z[GMT]
junit,junit,3.8.2,2006-03-03T23:22:26Z[GMT],junit,junit,4.10,2011-09-29T19:12:15Z[GMT],org.codehaus.plexus,plexus-container-default,1.0-beta-3.0.4,2009-01-12T00:56:05Z[GMT],org.codehaus.plexus,plexus-container-default,1.0-beta-3.0.5,2009-01-21T19:16:53Z[GMT]
junit,junit,3.8.2,2006-03-03T23:22:26Z[GMT],junit,junit,4.10,2011-09-29T19:12:15Z[GMT],org.codehaus.plexus,plexus-container-default,1.0-alpha-9,2005-12-07T23:35:14Z[GMT],org.codehaus.plexus,plexus-container-default,1.0-alpha-9-stable-1,2007-03-11T01:49:21Z[GMT]
junit,junit,3.8.2,2006-03-03T23:22:26Z[GMT],junit,junit,4.11,2012-11-14T19:21:20Z[GMT],org.apache.ant,ant-testutil,1.9.0,2013-03-11T00:54:57Z[GMT],org.apache.ant,ant-testutil,1.9.4,2014-04-30T03:33:38Z[GMT]
junit,junit,3.8.2,2006-03-03T23:22:26Z[GMT],junit,junit,4.11,2012-11-14T19:21:20Z[GMT],org.dbunit,dbunit,2.4.9,2012-09-30T17:21:03Z[GMT],org.dbunit,dbunit,2.5.0,2014-04-24T17:58:31Z[GMT]
junit,junit,3.8.2,2006-03-03T23:22:26Z[GMT],junit,junit,4.11,2012-11-14T19:21:20Z[GMT],org.codehaus.plexus,plexus-container-default,1.0-alpha-8,2005-10-12T00:38:30Z[GMT],org.codehaus.plexus,plexus-container-default,1.0-alpha-9,2005-12-07T23:35:14Z[GMT]
junit,junit,3.8.2,2006-03-03T23:22:26Z[GMT],junit,junit,4.11,2012-11-14T19:21:20Z[GMT],org.codehaus.plexus,plexus-container-default,1.5.4,2010-01-30T22:50:02Z[GMT],org.codehaus.plexus,plexus-container-default,1.5.5,2010-09-30T20:15:28Z[GMT]
junit,junit,3.8.2,2006-03-03T23:22:26Z[GMT],junit,junit,4.11,2012-11-14T19:21:20Z[GMT],org.codehaus.plexus,plexus-container-default,1.0-beta-3.0.7,2009-05-13T15:29:23Z[GMT],org.codehaus.plexus,plexus-container-default,1.0.0,2009-06-19T14:06:56Z[GMT]
junit,junit,3.8.2,2006-03-03T23:22:26Z[GMT],junit,junit,4.11,2012-11-14T19:21:20Z[GMT],jline,jline,0.9.93,2007-11-13T22:16:44Z[GMT],jline,jline,0.9.94,2008-02-22T19:53:43Z[GMT]
junit,junit,3.8.2,2006-03-03T23:22:26Z[GMT],junit,junit,4.11,2012-11-14T19:21:20Z[GMT],org.codehaus.plexus,plexus-container-default,1.0-alpha-47,2008-05-28T23:37:14Z[GMT],org.codehaus.plexus,plexus-container-default,1.0-alpha-48,2008-06-12T19:26:32Z[GMT]
junit,junit,3.8.2,2006-03-03T23:22:26Z[GMT],junit,junit,4.11,2012-11-14T19:21:20Z[GMT],org.apache.ant,ant-junit,1.9.0,2013-03-11T00:54:14Z[GMT],org.apache.ant,ant-junit,1.9.1,2013-05-22T03:07:05Z[GMT]
junit,junit,3.8.2,2006-03-03T23:22:26Z[GMT],junit,junit,4.11,2012-11-14T19:21:20Z[GMT],org.dbunit,dbunit,2.4.8,2010-09-01T22:00:52Z[GMT],org.dbunit,dbunit,2.4.9,2012-09-30T17:21:03Z[GMT]
junit,junit,3.8.2,2006-03-03T23:22:26Z[GMT],junit,junit,4.11,2012-11-14T19:21:20Z[GMT],org.codehaus.plexus,plexus-container-default,1.0-alpha-9,2005-12-07T23:35:14Z[GMT],org.codehaus.plexus,plexus-container-default,1.0-alpha-9-stable-1,2007-03-11T01:49:21Z[GMT]
junit,junit,3.8.2,2006-03-03T23:22:26Z[GMT],junit,junit,4.11,2012-11-14T19:21:20Z[GMT],org.codehaus.plexus,plexus-container-default,1.0-beta-3.0.4,2009-01-12T00:56:05Z[GMT],org.codehaus.plexus,plexus-container-default,1.0-beta-3.0.5,2009-01-21T19:16:53Z[GMT]
junit,junit,3.8.2,2006-03-03T23:22:26Z[GMT],junit,junit,4.11,2012-11-14T19:21:20Z[GMT],org.concordion,concordion,1.4.2,2011-10-31T22:34:18Z[GMT],org.concordion,concordion,1.4.3,2013-01-30T19:30:07Z[GMT]
junit,junit,3.8.2,2006-03-03T23:22:26Z[GMT],junit,junit,4.12,2014-12-04T16:17:43Z[GMT],org.codehaus.plexus,plexus-compiler-test,2.8.2,2017-06-01T11:47:02Z[GMT],org.codehaus.plexus,plexus-compiler-test,2.8.3,2018-02-23T19:26:19Z[GMT]
junit,junit,3.8.2,2006-03-03T23:22:26Z[GMT],junit,junit,4.12,2014-12-04T16:17:43Z[GMT],org.apache.oodt,oodt-commons,0.10,2015-09-04T19:49:42Z[GMT],org.apache.oodt,oodt-commons,0.11,2016-01-03T21:37:45Z[GMT]
junit,junit,3.8.2,2006-03-03T23:22:26Z[GMT],junit,junit,4.12,2014-12-04T16:17:43Z[GMT],org.codehaus.plexus,plexus-container-default,1.0-alpha-8,2005-10-12T00:38:30Z[GMT],org.codehaus.plexus,plexus-container-default,1.0-alpha-9,2005-12-07T23:35:14Z[GMT]
junit,junit,3.8.2,2006-03-03T23:22:26Z[GMT],junit,junit,4.12,2014-12-04T16:17:43Z[GMT],org.codehaus.plexus,plexus-container-default,1.0-alpha-9,2005-12-07T23:35:14Z[GMT],org.codehaus.plexus,plexus-container-default,1.0-alpha-9-stable-1,2007-03-11T01:49:21Z[GMT]
junit,junit,3.8.2,2006-03-03T23:22:26Z[GMT],junit,junit,4.12,2014-12-04T16:17:43Z[GMT],org.codehaus.plexus,plexus-container-default,1.0-alpha-47,2008-05-28T23:37:14Z[GMT],org.codehaus.plexus,plexus-container-default,1.0-alpha-48,2008-06-12T19:26:32Z[GMT]
junit,junit,3.8.2,2006-03-03T23:22:26Z[GMT],junit,junit,4.12,2014-12-04T16:17:43Z[GMT],jline,jline,0.9.93,2007-11-13T22:16:44Z[GMT],jline,jline,0.9.94,2008-02-22T19:53:43Z[GMT]
junit,junit,3.8,2005-08-01T09:42:49Z[GMT],junit,junit,4.3.1,2007-03-29T20:46:54Z[GMT],org.jvnet.hudson.main,hudson-core,1.270,2009-01-06T01:48:33Z[GMT],org.jvnet.hudson.main,hudson-core,1.271,2009-01-09T22:18:08Z[GMT]
junit,junit,3.8,2005-08-01T09:42:49Z[GMT],junit,junit,4.4,2007-07-19T14:13:36Z[GMT],org.jvnet.staxex,stax-ex,1.1,2010-05-19T23:57:14Z[GMT],org.jvnet.staxex,stax-ex,1.2,2008-10-04T02:09:05Z[GMT]
junit,junit,3.8,2005-08-01T09:42:49Z[GMT],junit,junit,4.4,2007-07-19T14:13:36Z[GMT],org.codehaus.plexus,plexus-component-annotations,1.0-beta-3.0.5,2009-01-21T19:16:30Z[GMT],org.codehaus.plexus,plexus-component-annotations,1.0-beta-3.0.6,2009-02-10T23:51:33Z[GMT]
junit,junit,3.8,2005-08-01T09:42:49Z[GMT],junit,junit,4.4,2007-07-19T14:13:36Z[GMT],commons-jxpath,commons-jxpath,1.1,2005-11-22T18:09:37Z[GMT],commons-jxpath,commons-jxpath,1.2,2005-11-22T18:09:37Z[GMT]
junit,junit,3.8,2005-08-01T09:42:49Z[GMT],junit,junit,4.4,2007-07-19T14:13:36Z[GMT],org.apache.camel.tests,org.apache.camel.tests.mock-javamail_1.7,2.0.0,2009-08-18T17:55:06Z[GMT],org.apache.camel.tests,org.apache.camel.tests.mock-javamail_1.7,2.1.0,2009-12-01T07:01:38Z[GMT]
junit,junit,3.8,2005-08-01T09:42:49Z[GMT],junit,junit,4.5,2008-08-08T19:30:10Z[GMT],org.jvnet.staxex,stax-ex,1.3,2010-11-18T01:34:33Z[GMT],org.jvnet.staxex,stax-ex,1.4,2010-11-19T00:13:58Z[GMT]
junit,junit,3.8,2005-08-01T09:42:49Z[GMT],junit,junit,4.5,2008-08-08T19:30:10Z[GMT],org.codehaus.plexus,plexus-container-default,1.0-beta-3.0.5,2009-01-21T19:16:53Z[GMT],org.codehaus.plexus,plexus-container-default,1.0-beta-3.0.6,2009-02-10T23:51:44Z[GMT]
junit,junit,3.8,2005-08-01T09:42:49Z[GMT],junit,junit,4.10,2011-09-29T19:12:15Z[GMT],org.jvnet.staxex,stax-ex,1.1,2010-05-19T23:57:14Z[GMT],org.jvnet.staxex,stax-ex,1.2,2008-10-04T02:09:05Z[GMT]
junit,junit,3.8,2005-08-01T09:42:49Z[GMT],junit,junit,4.11,2012-11-14T19:21:20Z[GMT],org.jvnet.staxex,stax-ex,1.1,2010-05-19T23:57:14Z[GMT],org.jvnet.staxex,stax-ex,1.2,2008-10-04T02:09:05Z[GMT]
junit,junit,3.8,2005-08-01T09:42:49Z[GMT],junit,junit,4.12,2014-12-04T16:17:43Z[GMT],com.sun.istack,istack-commons-test,3.0.4,2017-01-06T16:04:12Z[GMT],com.sun.istack,istack-commons-test,3.0.7,2018-08-29T00:25:27Z[GMT]